feat0,feat1,feat2,feat3,feat4,feat5,feat6,feat7,feat8,feat9
-0.961924093566577,-1.9493198812601813,-0.9383037934813168,-1.9781276144859632,-1.0442234984244458,-2.034820762837699,-1.043400845652025,-2.002592261998183,-0.9800925138295373,-2.017646125159804
-1.0018820165277906,-2.0446416365069893,-1.0514740612388005,-2.0263275281478528,-1.0084487241112168,-2.0191633397482223,-0.9255884359212428,-2.039493382874093,-1.0683315470939732,-2.092204049626824
-0.9147010937033246,-1.9493198812601813,-0.9555487866634096,-2.0056704222927575,-1.0455994512826472,-2.03419446591412,-1.032355932239764,-2.002592261998183,-0.997138690710167,-2.0259303389894727
-1.0890629393522566,-2.0446416365069893,-1.011595014505211,-2.036656081075401,-0.9878094312382001,-1.9750094066358979,-1.036037570043851,-1.9656911411222733,-0.9773122550334988,-2.0093619113301346
-0.9946169396257518,-2.0446416365069893,-1.0363846922044695,-1.9781276144859632,-0.9960651483874068,-1.984403860489584,-0.9918579163948078,-2.002592261998183,-1.0319876394880532,-2.046640873563645
-1.092695477803276,-2.0446416365069893,-1.0406959404999927,-2.019441826196154,-1.068990649872066,-2.079287844411813,-0.9587231761580253,-2.076394503750003,-1.041176166918895,-2.0963461565416583
-1.0454724779400235,-1.9493198812601813,-1.0471628129432773,-2.015998975220305,-1.0400956398498427,-2.024800012060434,-0.9992211920029817,-2.039493382874093,-1.0629168791436554,-2.038356659733976
-0.9364963244094411,-1.9493198812601813,-1.0018947058402838,-1.933370551799923,-0.9093801183207362,-1.8910856188763026,-0.97713136517846,-1.9822966455164328,-1.0358161925842373,-1.9969355905856316
-0.9582915551155576,-1.9493198812601813,-0.9383037934813168,-2.04009893205125,-1.0139525355440213,-1.9937983143432698,-1.028674294435677,-2.002592261998183,-1.0149596938126435,-1.9886513767559626
-1.0709002470971596,-2.0446416365069893,-0.9609378470328136,-2.0332132300995513,-1.0125765826858202,-2.0345076143759093,-1.0249926566315901,-2.002592261998183,-0.9322629469350647,-2.0135040182449693
-1.0963280162542954,-2.0446416365069893,-1.0838084234552245,-1.9918990183893603,-1.1033894713270942,-2.090561189036236,-1.0139477432193293,-2.076394503750003,-1.0629168791436554,-2.0342145528191415
-0.9728217089196353,-1.9493198812601813,-0.9824940885104295,-2.0332132300995513,-1.0070727712530156,-1.954028459695999,-1.0654906724765465,-1.9287900202463633,-1.096434949940487,-2.0590671943081484
-0.9837193242726936,-2.0446416365069893,-1.0288400076873039,-2.0091132732686066,-1.0043208655366134,-2.009768885894536,-0.9550415383539383,-2.039493382874093,-1.0307479175330982,-2.0424987666488104
-0.9946169396257518,-1.9493198812601813,-1.0018947058402838,-1.9918990183893603,-1.0043208655366134,-2.015718706668537,-1.0029028298070686,-2.002592261998183,-0.9616060717365336,-2.0135040182449693
-0.9546590166645382,-2.0446416365069893,-1.0256065714656615,-2.012556124244456,-0.9823056198053955,-2.0000612835790608,-0.9182251603130689,-2.039493382874093,-1.0319876394880532,-2.075635621967486
-1.0527375548420623,-1.9493198812601813,-1.0180618869484959,-1.919599147896526,-0.9107560711789373,-1.8923382127234607,-1.0397192078479378,-1.8918888993704532,-0.963939666004684,-2.0424987666488104
-1.00551455497881,-2.0446416365069893,-0.9577044108111711,-1.9505848066791693,-0.97542585551439,-2.023860566675065,-0.9255884359212428,-2.039493382874093,-0.9477230089615609,-1.9720829490966247
-0.9292312475074022,-1.9493198812601813,-0.9878831488798335,-1.9436991047274708,-0.9657941855069822,-1.950583826616314,-1.0397192078479378,-1.9656911411222733,-0.9726359508945881,-2.001077697500466
-1.0382074010379847,-2.0446416365069893,-1.0105172024313303,-2.036656081075401,-1.0373437341334404,-2.0194764882100116,-1.028674294435677,-2.002592261998183,-1.0181136923156904,-2.017646125159804
-1.0273097856849265,-2.0446416365069893,-1.0180618869484959,-2.04009893205125,-1.0029449126784122,-2.0113346282034836,-0.9624048139621122,-2.039493382874093,-1.008943396090068,-2.054925087393314
-1.049105016391043,-2.0446416365069893,-1.0568631216082045,-2.043541783027099,-1.0455994512826472,-2.0432757713060163,-0.9992211920029817,-2.039493382874093,-1.0118968513356958,-1.9845092698411282
-1.0854304009012372,-1.9493198812601813,-1.022373135244019,-1.998784720341059,-1.0373437341334404,-2.0263657543693814,-0.9844946407866338,-2.039493382874093,-1.0721327533823275,-2.017646125159804
-1.0854304009012372,-2.0446416365069893,-1.0040503299880454,-2.0091132732686066,-1.0029449126784122,-1.9922325720343221,-0.97713136517846,-2.039493382874093,-1.0611757990451527,-2.0135040182449693
-0.9546590166645382,-1.9493198812601813,-0.9393816055551976,-1.9689352023804458,-0.9712979969397866,-2.04734670130928,-1.0544457590642857,-1.9287900202463633,-0.8664027180780864,-1.864388169310929
-1.0636351701951208,-2.0446416365069893,-0.964171283254456,-2.0228846771720037,-1.0304639698424347,-2.0188501912864325,-1.0065844676111555,-2.002592261998183,-1.025953110560258,-2.054925087393314
-1.0672677086461402,-1.9493198812601813,-1.0126728265790919,-2.04009893205125,-1.0153284884022225,-1.9953640566522175,-1.0581273968683726,-1.9656911411222733,-0.9808035308331144,-2.0342145528191415
-1.1072256316073539,-2.0446416365069893,-1.0773415510119397,-2.0263275281478528,-1.0896299427450828,-2.0961978613484478,-0.9734497273743731,-2.076394503750003,-1.0425708541182193,-2.0052198044153005
-1.023677247233907,-2.0446416365069893,-0.9404594176290784,-2.04009893205125,-1.0428475455662447,-2.043588919767806,-0.9881762785907208,-2.039493382874093,-1.015998872510179,-1.9596566283521215
-0.9473939397624993,-2.0446416365069893,-1.0212953231701383,-2.074527441809743,-1.0400956398498427,-2.0376390989938047,-1.0065844676111555,-2.039493382874093,-1.0006117353045627,-2.054925087393314
-0.9328637859584217,-1.9493198812601813,-1.006205954135807,-1.9368134027757722,-1.0428475455662447,-2.095884712886658,-0.9476782627457645,-2.076394503750003,-0.9405763765153504,-1.947230307607618
-1.0600026317441014,-2.0446416365069893,-0.9555487866634096,-2.019441826196154,-1.009824676969418,-2.007576846662009,-0.97713136517846,-2.039493382874093,-1.027129023296943,-2.0093619113301346
-1.023677247233907,-2.0446416365069893,-1.065485618199251,-2.081413143761441,-1.0387196869916415,-2.053609670545071,-0.9403149871375907,-2.076394503750003,-1.037128839360072,-2.0424987666488104
-0.9655566320175965,-1.9493198812601813,-0.8747128811223496,-1.9712419125342648,-1.0538551684318538,-2.0129003705124315,-1.102307050517416,-1.8918888993704532,-0.9997275218513964,-1.9720829490966247
-0.9691891704686159,-2.0446416365069893,-1.0503962491649197,-2.002227571316908,-1.0442234984244458,-2.089934892112657,-0.8814087822721995,-2.076394503750003,-1.0181136923156904,-1.9969355905856316
-0.9837193242726936,-2.0446416365069893,-1.0633299940514893,-2.057313186930496,-1.0579830270064572,-2.048912443618228,-0.9918579163948078,-2.039493382874093,-1.0594711813570896,-2.0673514081378173
-0.9510264782135188,-1.9493198812601813,-1.0309956318350655,-2.0492913441567673,-0.9506587040667698,-2.0041322135823245,-0.8666822310558517,-2.053515808806939,-0.9786887110276031,-1.9803671629262938
-0.987351862723713,-2.0446416365069893,-0.9771050281410256,-1.94714195570332,-0.9919372898128034,-2.0285577936019084,-0.9624048139621122,-2.039493382874093,-0.9452800274620909,-2.0259303389894727
-1.0091470934298294,-2.0446416365069893,-0.9889609609537144,-2.057313186930496,-1.0249601584096304,-2.0429626228442266,-0.9697680895702862,-2.039493382874093,-0.9829639286516755,-2.0052198044153005
-1.0018820165277906,-1.9493198812601813,-0.9286034848163895,-1.9023848930172795,-0.9121320240371384,-1.9245925042877827,-1.0213110188275032,-1.9287900202463633,-0.92857112787803,-1.9762250560114594
-1.0018820165277906,-1.9493198812601813,-0.985727524732072,-2.074527441809743,-0.9974411012456079,-1.9937983143432698,-1.0139477432193293,-2.002592261998183,-0.9808035308331144,-1.9969355905856316
-0.9946169396257518,-1.9493198812601813,-1.0083615782835686,-1.9781276144859632,-0.9451548926339653,-1.9267845435203095,-1.0249926566315901,-1.9656911411222733,-0.987448805135777,-1.9058092384592735
-1.0999605547053148,-2.0446416365069893,-1.0676412423470125,-2.1089559515682352,-1.0744944613048706,-2.0727117267142328,-0.9844946407866338,-2.039493382874093,-1.0498724518087994,-2.0093619113301346
-1.0600026317441014,-1.9493198812601813,-1.0105172024313303,-2.014862834398275,-1.0497273098572504,-2.0235474182132758,-1.0581273968683726,-1.9841417015602283,-1.009918765569334,-2.0342145528191415
-0.9800867858216741,-2.0446416365069893,-1.0234509473178999,-2.0710845908338933,-0.9795537140889934,-2.0100820343563255,-0.8814087822721995,-2.076394503750003,-1.0425708541182193,-1.9265197730334458
-0.9546590166645382,-1.9493198812601813,-0.931836921038032,-1.9918990183893603,-1.0167044412604236,-1.9953640566522175,-1.0765355858888073,-1.9287900202463633,-0.967567675843449,-2.017646125159804
-0.9728217089196353,-1.9493198812601813,-1.0353068801305887,-1.9677990615584156,-1.011200629827619,-1.9984955412701129,-1.0102661054152424,-2.002592261998183,-1.0149596938126435,-2.0507829804784796
-1.056370093293082,-2.0446416365069893,-1.011595014505211,-2.0332132300995513,-1.046975404140848,-2.04765984977107,-0.9955395541988947,-2.039493382874093,-1.0079771422134123,-2.0880619427119895
-1.0781653239991984,-2.0446416365069893,-1.0730303027164165,-2.057313186930496,-1.0841261313122785,-2.07427746902318,-1.0249926566315901,-2.039493382874093,-1.0181136923156904,-2.083919835797155
-0.9328637859584217,-1.9493198812601813,-1.0417737525738735,-1.988456167413511,-0.9974411012456079,-1.9941114628050596,-0.9587231761580253,-2.039493382874093,-1.0594711813570896,-2.021788232074638
-1.041839939489004,-1.9493198812601813,-0.985727524732072,-2.0056704222927575,-1.0125765826858202,-1.9937983143432698,-1.0728539480847203,-1.9287900202463633,-0.9645412957769415,-2.0135040182449693
-0.9655566320175965,-2.0446416365069893,-1.0072837662096878,-1.985013316437662,-1.0442234984244458,-2.0373259505320154,-1.0029028298070686,-2.039493382874093,-1.0213953092552768,-1.992793483670797
-0.9401288628604605,-1.9493198812601813,-0.9835719005843104,-1.9712419125342648,-1.0414715927080438,-2.0291840905254874,-1.028674294435677,-2.002592261998183,-1.0023983934161151,-2.021788232074638
-1.0527375548420623,-2.0446416365069893,-1.0094393903574495,-2.0056704222927575,-0.9602903740741777,-1.955281053543157,-0.9734497273743731,-2.002592261998183,-1.0181136923156904,-2.0135040182449693
-1.0091470934298294,-2.0446416365069893,-1.0159062628007343,-1.9299277008240736,-0.9878094312382001,-1.9778277427920037,-0.9844946407866338,-2.002592261998183,-1.0332455926482278,-1.9513724145224525
-1.049105016391043,-2.0446416365069893,-0.974949403993264,-1.9918990183893603,-0.9795537140889934,-1.9822118212570572,-0.9476782627457645,-2.039493382874093,-1.041176166918895,-1.992793483670797
-1.041839939489004,-2.0446416365069893,-1.049318437091039,-2.036656081075401,-1.0070727712530156,-2.022607972827907,-0.914543522508982,-2.039493382874093,-1.0664901953667607,-1.992793483670797
-1.041839939489004,-2.0446416365069893,-0.958782222885052,-2.0263275281478528,-1.0318399227006358,-2.0304366843726456,-1.036037570043851,-1.9970570938667969,-0.966346185093714,-2.017646125159804
-1.0273097856849265,-2.0446416365069893,-1.0633299940514893,-2.0504274849787976,-1.0896299427450828,-2.1043397213549757,-0.9476782627457645,-2.076394503750003,-1.0561531020070634,-2.0673514081378173
-0.9582915551155576,-2.0446416365069893,-1.0644078061253701,-1.9643562105825663,-0.9878094312382001,-2.0579937490101243,-0.8188209396027215,-2.076394503750003,-1.0006117353045627,-2.0507829804784796
-0.9364963244094411,-1.9493198812601813,-1.0256065714656615,-1.988456167413511,-0.9355232226265575,-1.9515232720016826,-0.9697680895702862,-2.002592261998183,-0.9616060717365336,-1.9803671629262938
-1.0709002470971596,-2.0446416365069893,-1.0040503299880454,-2.04009893205125,-1.066238744155664,-2.0786615474882337,-0.9476782627457645,-2.076394503750003,-1.0514038730472728,-2.0342145528191415
-1.041839939489004,-1.9493198812601813,-0.9954278333969991,-2.053870335954647,-1.0442234984244458,-2.02730519975475,-1.0802172236928942,-1.9287900202463633,-0.9633562674376464,-1.9803671629262938
-1.0273097856849265,-1.9493198812601813,-1.0072837662096878,-2.04009893205125,-1.011200629827619,-2.0138398158978,-0.9403149871375907,-2.039493382874093,-1.0823786907159252,-2.0259303389894727
-1.0345748625869653,-2.0446416365069893,-1.0374625042783503,-2.0607560379063457,-0.9795537140889934,-1.9565336473903152,-1.0139477432193293,-2.002592261998183,-1.0307479175330982,-2.071493515052652
-0.9328637859584217,-1.9493198812601813,-1.0256065714656615,-2.04009893205125,-1.0634868384392615,-2.0598726397808615,-1.0029028298070686,-2.039493382874093,-1.019198449026276,-1.9886513767559626
-1.0454724779400235,-1.9493198812601813,-1.0245287593917807,-1.9402562537516215,-0.9946891955292056,-1.985030157413163,-1.0544457590642857,-1.9287900202463633,-0.9576590158064199,-1.9845092698411282
-1.0091470934298294,-1.9493198812601813,-1.0180618869484959,-2.0332132300995513,-1.020832299835027,-1.9878484935692688,-1.0728539480847203,-1.9287900202463633,-0.9997275218513964,-1.9803671629262938
-0.9582915551155576,-1.9493198812601813,-1.0148284507268535,-2.0171351160423354,-1.0056968183948145,-1.9916062751107433,-1.0139477432193293,-2.001854239580665,-1.0118968513356958,-1.9969355905856316
-0.961924093566577,-1.9493198812601813,-1.0299178197611847,-2.04009893205125,-1.033215875558837,-2.024173715136855,-1.0102661054152424,-2.002592261998183,-1.0129086832254017,-1.9969355905856316
-0.9837193242726936,-2.0446416365069893,-1.0460850008693967,-2.0056704222927575,-1.0758704141630717,-2.0614383820898095,-1.0139477432193293,-2.039493382874093,-1.0514038730472728,-1.9803671629262938
-1.0018820165277906,-2.0446416365069893,-1.0697968664947741,-2.012556124244456,-1.0001930069620102,-2.009142588970957,-0.9292700737253298,-2.039493382874093,-1.0629168791436554,-1.9596566283521215
-1.0018820165277906,-2.0446416365069893,-0.9663269074022176,-1.8748420852104855,-0.97542585551439,-1.9737568127887397,-1.0102661054152424,-2.002592261998183,-0.9732831586798953,-1.9389460937779492
-0.9364963244094411,-1.9493198812601813,-1.0040503299880454,-2.012556124244456,-0.8969965425969261,-1.951210123539893,-0.9439966249416775,-2.002592261998183,-0.9155084693379539,-2.017646125159804
-0.987351862723713,-1.9493198812601813,-1.0202175110962575,-2.002227571316908,-0.9616663269323789,-1.9468260450748398,-1.0065844676111555,-1.9656911411222733,-1.0051421898017139,-2.0093619113301346
-0.987351862723713,-1.9493198812601813,-0.9975834575447607,-1.9436991047274708,-0.9726739497979878,-1.9828381181806363,-0.9587231761580253,-2.039493382874093,-0.9962909396674405,-1.9265197730334458
-1.0091470934298294,-1.9493198812601813,-1.0309956318350655,-2.0263275281478528,-1.011200629827619,-2.001000728964429,-1.0213110188275032,-2.002592261998183,-0.9937932645523108,-1.9720829490966247
-1.0309423241359459,-1.9493198812601813,-0.9717159677716216,-1.9299277008240736,-1.1267806699165133,-2.106844909049292,-1.0544457590642857,-2.0479806406755525,-1.0307479175330982,-1.9845092698411282
-1.0963280162542954,-2.0446416365069893,-1.0363846922044695,-2.074527441809743,-1.0387196869916415,-2.0276183482165395,-0.9844946407866338,-2.039493382874093,-1.0740926079434694,-2.001077697500466
-0.9946169396257518,-2.0446416365069893,-1.0579409336820853,-2.0228846771720037,-1.067614697013865,-2.0683276482491793,-1.0544457590642857,-2.002592261998183,-0.9571029640472122,-2.083919835797155
-1.1035930931563342,-2.0446416365069893,-1.0374625042783503,-2.0263275281478528,-0.9974411012456079,-1.9800197820245304,-0.9881762785907208,-2.002592261998183,-1.0683315470939732,-2.0259303389894727
-0.9292312475074022,-2.0446416365069893,-0.9878831488798335,-1.957470508630868,-0.9286434583355518,-1.9465128966130503,-0.9476782627457645,-2.002592261998183,-0.97460492105834,-2.0052198044153005
-0.987351862723713,-1.9493198812601813,-1.022373135244019,-2.0297703791237023,-0.9891853840964012,-1.971564773556213,-1.0213110188275032,-1.9656911411222733,-1.00608109687054,-2.001077697500466
-1.0164121703318683,-2.0446416365069893,-1.0353068801305887,-2.0263275281478528,-0.9671701383651833,-1.9828381181806363,-0.8998169712926342,-2.039493382874093,-1.0702093612316252,-2.0797777288823207
-1.0382074010379847,-2.0446416365069893,-0.9900387730275951,-2.0469846340029485,-1.0593589798646583,-2.0529833736214917,-1.0102661054152424,-2.039493382874093,-1.015998872510179,-2.0424987666488104
-0.9982494780767712,-2.0446416365069893,-1.039618128426112,-2.1009341087945064,-1.0290880169842336,-2.030123535910856,-0.9550415383539383,-2.050194707928107,-1.0683315470939732,-2.129483011860334
-0.9546590166645382,-2.0446416365069893,-0.9286034848163895,-1.998784720341059,-1.009824676969418,-2.001000728964429,-0.9844946407866338,-2.039493382874093,-1.041176166918895,-2.071493515052652
-1.0709002470971596,-1.9493198812601813,-1.0751859268641781,-2.04009893205125,-1.0511032627154515,-2.015092409744958,-1.0397192078479378,-2.002592261998183,-1.096434949940487,-2.0342145528191415
-0.9546590166645382,-2.0446416365069893,-1.006205954135807,-1.988456167413511,-0.9368991754847587,-1.9837775635660049,-0.9034986090967212,-2.039493382874093,-0.9571029640472122,-2.038356659733976
-1.0527375548420623,-1.9493198812601813,-1.0406959404999927,-2.0676417398580442,-1.0318399227006358,-2.0370128020702256,-0.9624048139621122,-2.039493382874093,-1.0345217770136226,-1.9306618799482802
-1.0454724779400235,-2.0446416365069893,-1.0482406250171583,-2.019441826196154,-1.0001930069620102,-2.016031855130327,-0.9329517115294167,-2.039493382874093,-1.0247954290287928,-1.9803671629262938
-0.987351862723713,-2.0446416365069893,-1.0256065714656615,-2.04009893205125,-1.0304639698424347,-2.0451546620767536,-0.9219067981171559,-2.076394503750003,-1.0721327533823275,-1.9886513767559626
-0.9546590166645382,-2.0446416365069893,-0.948004102146244,-2.053870335954647,-0.9368991754847587,-1.935239551988627,-1.0102661054152424,-1.9656911411222733,-0.9627637532679988,-1.9803671629262938
-1.0200447087828877,-2.0446416365069893,-0.9954278333969991,-1.9023848930172795,-0.9946891955292056,-2.0207290820571697,-0.9366333493335037,-2.039493382874093,-0.987448805135777,-1.9886513767559626
-1.049105016391043,-2.0446416365069893,-1.0644078061253701,-2.1020702496165367,-1.0029449126784122,-2.015405558206748,-0.9366333493335037,-2.0472426182580343,-1.0332455926482278,-2.054925087393314
-1.0781653239991984,-2.0446416365069893,-1.016984074874615,-2.012556124244456,-1.0001930069620102,-2.0135266674360106,-0.9292700737253298,-2.039493382874093,-1.041176166918895,-2.092204049626824
-1.0709002470971596,-2.0446416365069893,-1.0579409336820853,-2.081413143761441,-1.0455994512826472,-2.0288709420636977,-1.043400845652025,-2.002592261998183,-0.9988524240008398,-2.0052198044153005
-0.9437614013114799,-1.9493198812601813,-0.9900387730275951,-1.9505848066791693,-1.0043208655366134,-2.0122740735888525,-1.043400845652025,-1.9656911411222733,-0.939209036123856,-1.9679408421817903
-1.0273097856849265,-2.0446416365069893,-0.9113584916342968,-2.0251913873258225,-0.9781777612307923,-1.9574730927756838,-1.032355932239764,-1.9656911411222733,-0.997138690710167,-1.9223776661186114
-0.9982494780767712,-1.9493198812601813,-1.0051281420619262,-2.012556124244456,-1.0153284884022225,-2.0138398158978,-0.9918579163948078,-2.039493382874093,-1.00608109687054,-2.0673514081378173
-1.0018820165277906,-2.0446416365069893,-1.0644078061253701,-1.988456167413511,-0.9726739497979878,-1.9624834681643164,-1.0139477432193293,-1.9656911411222733,-0.9882145157550138,-2.054925087393314
-0.9837193242726936,-2.0446416365069893,-0.9824940885104295,-2.0228846771720037,-0.9396510812011609,-1.9555942020049466,-0.9697680895702862,-2.002592261998183,-0.9627637532679988,-2.001077697500466
-0.9837193242726936,-1.9493198812601813,-1.045007188795516,-1.9368134027757722,-0.9891853840964012,-2.00037443204085,-0.9366333493335037,-2.039493382874093,-1.0307479175330982,-1.963798735266956
-1.092695477803276,-2.0446416365069893,-0.9717159677716216,-2.015998975220305,-0.9630422797905799,-1.9750094066358979,-0.9439966249416775,-2.039493382874093,-1.0051421898017139,-2.001077697500466
-0.9401288628604605,-1.9493198812601813,-0.958782222885052,-1.988456167413511,-0.9589144212159766,-1.9292897312146258,-1.036037570043851,-1.9656911411222733,-1.0109032506512101,-2.030072445904307
-1.0273097856849265,-2.0446416365069893,-0.9350703572596744,-2.002227571316908,-1.0249601584096304,-2.017284448977485,-0.97713136517846,-2.039493382874093,-1.0611757990451527,-2.0632093012229826
-0.9764542473706547,-1.9493198812601813,-1.0320734439089463,-2.04009893205125,-1.0318399227006358,-2.0216685274425386,-1.0139477432193293,-2.002592261998183,-1.0109032506512101,-1.9803671629262938
-1.0963280162542954,-2.0446416365069893,-1.076263738938059,-2.043541783027099,-1.0455994512826472,-2.034820762837699,-0.9918579163948078,-2.039493382874093,-1.0594711813570896,-2.083919835797155
-0.9728217089196353,-2.0446416365069893,-0.9501597262940056,-2.0550064767766774,-1.0029449126784122,-1.959351983546421,-1.0581273968683726,-1.9472405806843183,-1.0529626410935764,-2.0052198044153005
-0.9800867858216741,-1.9493198812601813,-0.9544709745895287,-1.9701057717122346,-1.0621108855810606,-2.055801709777598,-1.0728539480847203,-1.9730713652974552,-0.9543956300720533,-1.9596566283521215
-0.961924093566577,-1.9493198812601813,-1.0094393903574495,-1.9976485795190286,-0.998817054103809,-1.9624834681643164,-1.0544457590642857,-1.949823659145632,-1.025953110560258,-1.89338291771477
-0.9582915551155576,-1.9493198812601813,-1.0320734439089463,-2.0228846771720037,-1.0497273098572504,-2.040144286688121,-0.9697680895702862,-2.039493382874093,-1.1260971208333046,-1.9845092698411282
-0.9800867858216741,-2.0446416365069893,-0.9954278333969991,-2.0263275281478528,-0.9768018083725911,-1.989727384340006,-0.9329517115294167,-2.039493382874093,-1.0236468630999376,-2.046640873563645
-1.0854304009012372,-2.0446416365069893,-0.9792606522887871,-2.0263275281478528,-0.9946891955292056,-1.98033293048632,-1.0029028298070686,-2.002592261998183,-1.0236468630999376,-1.9969355905856316
-0.9800867858216741,-1.9493198812601813,-0.985727524732072,-1.9368134027757722,-0.9850575255217978,-1.979706633562741,-1.0470824834561119,-1.9656911411222733,-0.9533382201692978,-1.909951345374108
-0.9764542473706547,-2.0446416365069893,-0.8898022501566808,-1.9368134027757722,-0.986433478379999,-2.032941872066962,-1.0249926566315901,-1.97934455584636,-0.9007594243150348,-1.9762250560114594
-1.0309423241359459,-1.9493198812601813,-0.9986612696186415,-2.0056704222927575,-0.9355232226265575,-1.950583826616314,-1.0470824834561119,-1.8918888993704532,-0.916201255136311,-1.9969355905856316
-0.9510264782135188,-1.9493198812601813,-0.9415372297029592,-1.9299277008240736,-0.986433478379999,-1.9793934851009514,-1.0213110188275032,-1.9656911411222733,-0.977995925229246,-1.9720829490966247
-0.9401288628604605,-2.0446416365069893,-1.0212953231701383,-1.9127134459448274,-0.9547865626413732,-1.9684332889383176,-1.0470824834561119,-1.9287900202463633,-0.9208775592752217,-1.864388169310929
-1.056370093293082,-1.9493198812601813,-1.0105172024313303,-1.9746847635101141,-0.9768018083725911,-1.9599782804700001,-1.0397192078479378,-1.9656911411222733,-0.9793906124285702,-1.9430882006927837
-0.9837193242726936,-2.0446416365069893,-1.0471628129432773,-2.002227571316908,-1.0194563469768259,-2.0429626228442266,-0.9660864517661992,-2.039493382874093,-0.9726359508945881,-1.9720829490966247
-1.049105016391043,-2.0446416365069893,-0.9954278333969991,-1.988456167413511,-1.0373437341334404,-2.018537042824643,-1.0176293810234163,-2.002592261998183,-1.0398088265274008,-2.021788232074638
-0.9364963244094411,-2.0446416365069893,-0.9824940885104295,-1.9781276144859632,-0.9919372898128034,-1.9784540397155828,-1.036037570043851,-1.9656911411222733,-0.9800925138295373,-1.9886513767559626
-0.9510264782135188,-1.9493198812601813,-0.9189031761514624,-1.9781276144859632,-0.9561625154995743,-1.935865848912206,-1.0544457590642857,-1.9287900202463633,-0.967567675843449,-1.9513724145224525
-0.9946169396257518,-1.9493198812601813,-0.9652490953283367,-2.0010914304948777,-0.8474622397016858,-1.801212010342706,-1.0618090346724596,-1.8147655567398013,-0.9844315406718794,-1.9265197730334458
-1.00551455497881,-2.0446416365069893,-0.9760272160671447,-1.9918990183893603,-1.0345918284170381,-2.038891692840963,-0.97713136517846,-2.039493382874093,-1.015998872510179,-2.0135040182449693
-1.00551455497881,-1.9493198812601813,-1.0083615782835686,-2.002227571316908,-1.033215875558837,-2.063630421322336,-1.036037570043851,-2.002592261998183,-0.9194099472550177,-1.992793483670797
-1.0890629393522566,-2.0446416365069893,-1.0611743699037277,-2.0263275281478528,-1.055231121290055,-2.0545491159304397,-0.9587231761580253,-2.076394503750003,-1.0939372748253573,-2.054925087393314
-0.9655566320175965,-1.9493198812601813,-1.0018947058402838,-2.012556124244456,-0.9616663269323789,-1.9862827512603212,-0.9219067981171559,-2.039493382874093,-0.9954523042273239,-2.0963461565416583
-1.0527375548420623,-2.0446416365069893,-1.0622521819776085,-2.0263275281478528,-1.0056968183948145,-2.005071658967693,-0.9697680895702862,-2.039493382874093,-1.0307479175330982,-2.071493515052652
-0.9909844011747324,-2.0446416365069893,-0.9835719005843104,-1.9953418693652096,-0.9905613369546022,-1.9894142358782163,-1.028674294435677,-1.9656911411222733,-0.961031788772106,-1.8809565969702668
-1.0636351701951208,-1.9493198812601813,-0.9038138071171312,-1.8954991910655812,-1.0029449126784122,-2.0047585105059036,-1.0065844676111555,-2.002592261998183,-0.9773122550334988,-1.9265197730334458
-1.0963280162542954,-2.0446416365069893,-1.0697968664947741,-2.0676417398580442,-1.0194563469768259,-2.0107083312799046,-0.9844946407866338,-2.039493382874093,-1.0468825341527315,-2.0797777288823207
-0.9837193242726936,-1.9493198812601813,-1.0212953231701383,-2.0091132732686066,-0.9657941855069822,-1.9521495689252617,-0.9992211920029817,-2.002592261998183,-1.0129086832254017,-1.9762250560114594
-1.041839939489004,-1.9493198812601813,-1.053629685386562,-2.04009893205125,-1.0841261313122785,-2.071772281328864,-1.0029028298070686,-2.039493382874093,-1.0721327533823275,-2.030072445904307
-1.074532785548179,-2.0446416365069893,-0.9566265987372904,-2.0332132300995513,-0.9878094312382001,-1.999748135117271,-0.9366333493335037,-2.039493382874093,-1.027129023296943,-2.046640873563645
-1.00551455497881,-2.0446416365069893,-0.9436928538507207,-2.036656081075401,-1.0483513569990492,-2.0429626228442266,-1.0728539480847203,-1.9620010290346823,-0.9492179677895947,-1.9430882006927837
-1.092695477803276,-2.0446416365069893,-1.081652799307463,-2.057313186930496,-1.0607349327228595,-2.0680144997873895,-0.9513599005498514,-2.076394503750003,-1.0664901953667607,-2.021788232074638
-0.9946169396257518,-2.0446416365069893,-0.9501597262940056,-1.9023848930172795,-1.0153284884022225,-2.016345003592116,-1.0065844676111555,-2.002592261998183,-0.9829639286516755,-2.0135040182449693
-0.9655566320175965,-1.9493198812601813,-0.8887244380828,-1.9230419988723753,-1.0318399227006358,-2.0338813174523303,-1.0213110188275032,-2.002592261998183,-0.9719796275066708,-1.9265197730334458
-0.9764542473706547,-2.0446416365069893,-0.9383037934813168,-1.94714195570332,-1.0345918284170381,-2.048912443618228,-1.028674294435677,-2.002592261998183,-0.9452800274620909,-2.0052198044153005
-0.9582915551155576,-1.9493198812601813,-0.985727524732072,-1.957470508630868,-1.0304639698424347,-2.001313877426219,-1.043400845652025,-2.002592261998183,-1.0332455926482278,-1.9845092698411282
-1.0273097856849265,-2.0446416365069893,-0.9523153504417672,-2.0469846340029485,-0.9657941855069822,-1.9427551150715756,-1.0802172236928942,-1.8697482268449073,-0.9549334506260412,-1.8685302762257634
-0.9582915551155576,-1.9493198812601813,-0.9878831488798335,-1.960913359606717,-0.9451548926339653,-1.9555942020049466,-0.9955395541988947,-2.002592261998183,-0.9543956300720533,-2.001077697500466
-1.0309423241359459,-2.0446416365069893,-0.9943500213231184,-2.0091132732686066,-0.9809296669471945,-1.993172017419691,-0.9255884359212428,-2.039493382874093,-1.041176166918895,-2.0424987666488104
-0.9691891704686159,-1.9493198812601813,-0.953393162515648,-2.015998975220305,-0.9795537140889934,-1.949331232769156,-1.0581273968683726,-1.9287900202463633,-0.9937932645523108,-1.992793483670797
-1.041839939489004,-2.0446416365069893,-0.8714794449007072,-1.9368134027757722,-1.033215875558837,-2.032628723605172,-0.9881762785907208,-2.039493382874093,-1.015998872510179,-2.0507829804784796
-1.0309423241359459,-1.9493198812601813,-0.9404594176290784,-1.998784720341059,-0.9878094312382001,-1.9684332889383176,-1.043400845652025,-1.9656911411222733,-0.9851790200858964,-1.992793483670797
-1.056370093293082,-2.0446416365069893,-0.9070472433387736,-2.019441826196154,-0.9850575255217978,-1.9765751489448455,-1.028674294435677,-1.9745474101324918,-0.9739394820678127,-1.9596566283521215
-1.0600026317441014,-1.9493198812601813,-0.9846497126581911,-2.019441826196154,-0.9630422797905799,-1.9518364204634724,-0.980813002982547,-2.002592261998183,-1.0307479175330982,-2.001077697500466
-1.049105016391043,-1.9493198812601813,-1.0051281420619262,-2.0469846340029485,-1.020832299835027,-2.0204159335953804,-1.0691723102806334,-1.9287900202463633,-0.9387623715959679,-2.038356659733976
-0.9764542473706547,-2.0446416365069893,-0.9296812968902703,-1.9746847635101141,-1.0345918284170381,-2.014466112821379,-1.032355932239764,-2.002592261998183,-1.019198449026276,-2.0093619113301346
-0.9982494780767712,-2.0446416365069893,-1.0040503299880454,-2.0056704222927575,-1.0084487241112168,-2.023860566675065,-0.9476782627457645,-2.039493382874093,-1.008943396090068,-2.0135040182449693
-1.0345748625869653,-1.9493198812601813,-1.000816893766403,-1.9299277008240736,-0.9602903740741777,-1.9330475127561002,-1.0654906724765465,-1.8918888993704532,-0.9732831586798953,-1.9265197730334458
-0.9582915551155576,-1.9493198812601813,-1.043929376721635,-1.9368134027757722,-1.0043208655366134,-1.9837775635660049,-1.0139477432193293,-2.002592261998183,-1.0345217770136226,-1.9886513767559626
-0.9328637859584217,-1.9493198812601813,-0.9792606522887871,-2.0056704222927575,-0.9795537140889934,-1.9737568127887397,-1.0029028298070686,-2.002592261998183,-0.9913593986554508,-1.9969355905856316
-1.0273097856849265,-1.9493198812601813,-0.9393816055551976,-1.9505848066791693,-0.9148839297535407,-1.913632308125149,-1.0029028298070686,-1.9656911411222733,-0.9621894703035712,-1.9513724145224525
-1.0164121703318683,-2.0446416365069893,-1.0105172024313303,-1.998784720341059,-1.0373437341334404,-2.0357602082230675,-0.9881762785907208,-2.039493382874093,-1.0213953092552768,-2.0342145528191415
-1.0018820165277906,-1.9493198812601813,-1.033151255982827,-2.018305685374124,-0.9685460912233844,-1.9571599443138943,-1.0139477432193293,-1.9800825782638782,-0.9897732838013173,-1.9720829490966247
-1.0127796318808489,-2.0446416365069893,-1.065485618199251,-2.069948450011863,-0.998817054103809,-1.9831512666424258,-1.0029028298070686,-2.0070203965032922,-1.0307479175330982,-2.0507829804784796
-1.00551455497881,-2.0446416365069893,-0.9566265987372904,-1.9127134459448274,-0.986433478379999,-1.9928588689579012,-1.0139477432193293,-2.002592261998183,-0.9576590158064199,-2.017646125159804
-1.0091470934298294,-2.0446416365069893,-1.0622521819776085,-2.074527441809743,-1.023584205551429,-2.013213518974221,-0.9955395541988947,-2.039493382874093,-1.0358161925842373,-2.046640873563645
-1.0454724779400235,-1.9493198812601813,-0.9361481693335552,-1.9299277008240736,-0.8667255797165014,-1.868538929627456,-1.0397192078479378,-1.8918888993704532,-0.9242594478435178,-1.9140934522889423
-1.0527375548420623,-2.0446416365069893,-0.96956034362386,-2.074527441809743,-1.023584205551429,-2.0113346282034836,-1.0029028298070686,-2.002592261998183,-1.0307479175330982,-2.001077697500466
-0.9837193242726936,-1.9493198812601813,-0.9275256727425087,-1.9230419988723753,-1.0084487241112168,-1.994424611266849,-1.0065844676111555,-2.002592261998183,-1.0236468630999376,-1.9389460937779492
-0.9546590166645382,-2.0446416365069893,-1.0191396990223767,-1.9781276144859632,-0.9726739497979878,-2.0135266674360106,-0.8998169712926342,-2.039493382874093,-0.9822346804428785,-2.0135040182449693
-1.041839939489004,-2.0446416365069893,-1.0665634302731317,-2.0469846340029485,-1.0373437341334404,-2.0432757713060163,-0.9513599005498514,-2.039493382874093,-1.0561531020070634,-2.0135040182449693
-1.056370093293082,-1.9493198812601813,-1.060096557829847,-2.036656081075401,-1.0882539898868817,-2.0708328359434955,-1.0139477432193293,-2.039493382874093,-1.0781399355022927,-2.104630370371327
-0.9292312475074022,-2.0446416365069893,-0.9307591089641511,-1.9620495004287473,-0.9781777612307923,-1.9984955412701129,-1.036037570043851,-1.960893995408405,-0.9223634025006456,-1.89338291771477
-0.9982494780767712,-1.9493198812601813,-0.9404594176290784,-2.002227571316908,-0.9382751283429597,-1.9368052942975744,-1.0581273968683726,-1.8918888993704532,-0.9310141093774998,-1.8726723831405978
-1.0018820165277906,-2.0446416365069893,-1.0266843835395423,-1.9505848066791693,-0.941027034059362,-2.016031855130327,-1.0470824834561119,-1.9287900202463633,-0.8664027180780864,-1.9803671629262938
-0.9764542473706547,-1.9493198812601813,-1.0202175110962575,-2.036656081075401,-1.0139525355440213,-2.015092409744958,-0.9403149871375907,-2.039493382874093,-1.096434949940487,-2.017646125159804
-1.0200447087828877,-2.0446416365069893,-1.0460850008693967,-2.0986273986406876,-1.0758704141630717,-2.0598726397808615,-1.0176293810234163,-2.039493382874093,-1.0514038730472728,-2.046640873563645
-0.9582915551155576,-1.9493198812601813,-0.9286034848163895,-1.9918990183893603,-0.9616663269323789,-1.9840907120277944,-1.0176293810234163,-1.9656911411222733,-0.9265930421116682,-1.9140934522889423
-1.0636351701951208,-1.9493198812601813,-1.0794971751597013,-2.0056704222927575,-1.0717425555884683,-2.066448757478442,-1.0102661054152424,-2.039493382874093,-1.0181136923156904,-2.054925087393314
-0.9837193242726936,-1.9493198812601813,-0.9900387730275951,-2.043541783027099,-1.0965097070360885,-2.0946321190395003,-1.0397192078479378,-2.039493382874093,-0.9829639286516755,-1.992793483670797
-0.9328637859584217,-2.0446416365069893,-1.038540316352231,-2.0263275281478528,-1.0318399227006358,-2.0263657543693814,-0.9918579163948078,-2.039493382874093,-1.027129023296943,-1.9969355905856316
-0.9546590166645382,-1.9493198812601813,-0.980338464362668,-1.960913359606717,-0.9795537140889934,-1.9740699612505292,-0.9918579163948078,-2.002592261998183,-1.0033008380745014,-1.9803671629262938
-0.9510264782135188,-2.0446416365069893,-0.9727937798455024,-2.0251913873258225,-0.9768018083725911,-1.9815855243334781,-1.0618090346724596,-1.919933751236145,-0.9277780704509632,-1.9679408421817903
-0.9582915551155576,-2.0446416365069893,-1.0083615782835686,-2.0263275281478528,-0.97542585551439,-1.9837775635660049,-0.9292700737253298,-2.039493382874093,-1.0483592617755455,-2.030072445904307
-1.023677247233907,-2.0446416365069893,-1.0159062628007343,-2.012556124244456,-0.9795537140889934,-1.958725686622842,-1.043400845652025,-1.9656911411222733,-0.9859264994999133,-2.0093619113301346
-1.0382074010379847,-1.9493198812601813,-0.9954278333969991,-1.9643562105825663,-1.011200629827619,-1.9941114628050596,-1.0470824834561119,-1.9656911411222733,-0.9836931768604725,-2.001077697500466
-0.9510264782135188,-2.0446416365069893,-1.0428515646477543,-2.053870335954647,-0.9547865626413732,-1.949957529692735,-0.9660864517661992,-2.002592261998183,-1.025953110560258,-2.0632093012229826
-0.9546590166645382,-1.9493198812601813,-0.9943500213231184,-1.9436991047274708,-0.9355232226265575,-1.9108139719690431,-1.0397192078479378,-1.9287900202463633,-0.9844315406718794,-2.0093619113301346
-0.9546590166645382,-1.9493198812601813,-1.0353068801305887,-1.9368134027757722,-1.0043208655366134,-2.0016270258880082,-1.0102661054152424,-2.002592261998183,-0.9844315406718794,-1.9430882006927837
-0.9837193242726936,-2.0446416365069893,-0.9760272160671447,-2.0228846771720037,-1.0249601584096304,-2.026052605907592,-1.032355932239764,-2.002592261998183,-0.9627637532679988,-1.9679408421817903
-1.074532785548179,-1.9493198812601813,-1.0180618869484959,-1.9918990183893603,-1.0194563469768259,-2.024800012060434,-1.0654906724765465,-1.9656911411222733,-0.9326822646551229,-2.017646125159804
-1.0817978624502178,-1.9493198812601813,-0.9577044108111711,-2.019441826196154,-0.9602903740741777,-1.9424419666097863,-1.0691723102806334,-1.8918888993704532,-0.95280951521792,-2.038356659733976
-1.0672677086461402,-2.0446416365069893,-1.054707497460443,-2.0263275281478528,-1.0758704141630717,-2.082106180567919,-0.9513599005498514,-2.076394503750003,-1.0868271047895868,-2.104630370371327
-0.9946169396257518,-2.0446416365069893,-1.0029725179141646,-1.9505848066791693,-0.9258915526191496,-1.9292897312146258,-0.9550415383539383,-2.002592261998183,-1.0014959487577288,-2.0093619113301346
-1.0018820165277906,-2.0446416365069893,-1.0665634302731317,-1.998784720341059,-1.0029449126784122,-1.9969297989611654,-0.9881762785907208,-2.002592261998183,-1.0202923213394712,-2.0259303389894727
-0.9909844011747324,-2.0446416365069893,-1.0126728265790919,-1.9712419125342648,-1.0180803941186245,-2.005071658967693,-1.0470824834561119,-1.9656911411222733,-0.9766285848377516,-2.0052198044153005
-1.00551455497881,-1.9493198812601813,-1.0417737525738735,-2.043541783027099,-1.0799982727376751,-2.0761563597939174,-1.032355932239764,-2.039493382874093,-0.9897732838013173,-2.0093619113301346
-0.9437614013114799,-1.9493198812601813,-1.0309956318350655,-1.9918990183893603,-0.9809296669471945,-1.9787671881773723,-0.9660864517661992,-2.039493382874093,-1.0295264267833633,-2.0590671943081484
-0.9909844011747324,-1.9493198812601813,-1.0051281420619262,-2.0641988888821947,-0.930019411193753,-1.9161374958194652,-1.0397192078479378,-1.9287900202463633,-0.9604575058076784,-1.9803671629262938
-1.0672677086461402,-2.0446416365069893,-1.059018745755966,-1.9677990615584156,-1.0511032627154515,-2.049538740541807,-1.0102661054152424,-2.039493382874093,-0.9979955573555034,-1.9762250560114594
-0.9728217089196353,-1.9493198812601813,-0.974949403993264,-1.985013316437662,-0.9740499026561888,-1.9515232720016826,-1.0397192078479378,-1.9656911411222733,-0.9921615716851275,-1.9762250560114594
-1.023677247233907,-2.0446416365069893,-1.0460850008693967,-2.0332132300995513,-0.9671701383651833,-1.9637360620114745,-0.9624048139621122,-2.002592261998183,-1.0332455926482278,-1.9886513767559626
-0.9510264782135188,-1.9493198812601813,-0.99650564547088,-1.9299277008240736,-1.0084487241112168,-1.9865958997221107,-1.0544457590642857,-1.9656911411222733,-0.9866830945165402,-1.963798735266956
-1.0527375548420623,-2.0446416365069893,-0.9458484779984824,-2.0263275281478528,-1.055231121290055,-2.0338813174523303,-1.0139477432193293,-2.039493382874093,-1.0740926079434694,-2.0590671943081484
-0.9582915551155576,-2.0446416365069893,-1.045007188795516,-1.9654923514045965,-0.9561625154995743,-2.015718706668537,-0.9624048139621122,-2.0144006206784746,-0.9101029169902461,-1.992793483670797
-0.9437614013114799,-2.0446416365069893,-1.0579409336820853,-2.0079771324465763,-0.9479067983503676,-1.9508969750781036,-0.9439966249416775,-2.021411833644897,-1.0283231672388482,-1.955514521437287
-1.0345748625869653,-1.9493198812601813,-1.0557853095343237,-2.015998975220305,-1.009824676969418,-2.007889995123799,-0.9624048139621122,-2.039493382874093,-1.0529626410935764,-1.9720829490966247
-0.918333632154344,-1.9493198812601813,-0.9986612696186415,-1.9643562105825663,-0.873605344007507,-1.908935081198306,-0.980813002982547,-1.9656911411222733,-0.9155084693379539,-2.030072445904307
-1.0018820165277906,-1.9493198812601813,-0.96956034362386,-1.94714195570332,-0.9602903740741777,-1.943381411995155,-1.0397192078479378,-1.9287900202463633,-0.97460492105834,-1.9720829490966247
-0.8892733245461886,-1.9493198812601813,-0.9932722092492375,-1.9712419125342648,-1.0277120641260324,-2.00726369820022,-1.0470824834561119,-1.9656911411222733,-0.9979955573555034,-1.9223776661186114
-1.0309423241359459,-2.0446416365069893,-0.953393162515648,-1.985013316437662,-1.0167044412604236,-2.047033552847491,-0.9992211920029817,-2.002592261998183,-0.936547280161747,-2.0259303389894727
-0.9982494780767712,-1.9493198812601813,-0.9738715919193831,-2.0091132732686066,-0.97542585551439,-1.9615440227789478,-1.0213110188275032,-1.9656911411222733,-0.990566341228384,-1.9969355905856316
-0.9909844011747324,-2.0446416365069893,-0.9544709745895287,-1.9712419125342648,-0.9878094312382001,-2.0138398158978,-0.9734497273743731,-2.039493382874093,-0.9538669251206756,-1.963798735266956
-0.9691891704686159,-2.0446416365069893,-0.9598600349589327,-1.9230419988723753,-0.9823056198053955,-1.9621703197025269,-1.028674294435677,-1.9656911411222733,-1.0014959487577288,-1.8809565969702668
-0.961924093566577,-1.9493198812601813,-1.0180618869484959,-1.933370551799923,-1.0511032627154515,-2.016658152053906,-1.0765355858888073,-1.9656911411222733,-1.0118968513356958,-2.0135040182449693
-0.9909844011747324,-2.0446416365069893,-0.985727524732072,-1.985013316437662,-0.9451548926339653,-1.952775865848841,-0.9292700737253298,-2.039493382874093,-1.0332455926482278,-2.0590671943081484
-0.9074360168012857,-2.0446416365069893,-0.9630934711805751,-1.9781276144859632,-1.0249601584096304,-2.016658152053906,-0.9992211920029817,-2.039493382874093,-1.022516528376302,-2.021788232074638
-0.9328637859584217,-2.0446416365069893,-0.99650564547088,-1.9643562105825663,-0.9506587040667698,-1.9687464374001071,-0.9292700737253298,-2.039493382874093,-1.0006117353045627,-1.9803671629262938
-0.9982494780767712,-2.0446416365069893,-1.070874678568655,-2.0228846771720037,-1.001568959820211,-2.001000728964429,-0.9734497273743731,-2.039493382874093,-1.022516528376302,-1.992793483670797
-0.9691891704686159,-2.0446416365069893,-1.033151255982827,-2.0228846771720037,-1.046975404140848,-2.08116673518255,-0.8961353334885473,-2.076394503750003,-1.0398088265274008,-2.054925087393314
-0.9728217089196353,-1.9493198812601813,-0.9059694312648928,-1.9023848930172795,-1.0345918284170381,-2.032002426681593,-1.043400845652025,-2.002592261998183,-0.9633562674376464,-1.89338291771477
-0.987351862723713,-1.9493198812601813,-0.964171283254456,-1.9505848066791693,-0.9465308454921665,-1.9258450981349409,-1.0691723102806334,-1.8549877784945432,-0.9543956300720533,-1.9513724145224525
-0.9255987090563829,-2.0446416365069893,-0.9684825315499792,-1.8989420420414302,-0.953410609783172,-1.9631097650878955,-0.9844946407866338,-2.002592261998183,-0.966346185093714,-1.955514521437287
-1.041839939489004,-2.0446416365069893,-1.065485618199251,-2.04009893205125,-1.0056968183948145,-1.985656454336742,-1.043400845652025,-1.9656911411222733,-0.9929728603174142,-2.0135040182449693
-1.0890629393522566,-2.0446416365069893,-1.0417737525738735,-2.019441826196154,-1.066238744155664,-2.07427746902318,-0.9918579163948078,-2.039493382874093,-0.9988524240008398,-2.030072445904307
-0.9764542473706547,-1.9493198812601813,-1.039618128426112,-2.0056704222927575,-1.0483513569990492,-2.033255020528751,-0.9881762785907208,-2.039493382874093,-1.1016399590307757,-2.0673514081378173
-1.0454724779400235,-2.0446416365069893,-1.038540316352231,-2.0263275281478528,-1.0153284884022225,-1.999121838193692,-1.032355932239764,-2.002592261998183,-0.9988524240008398,-2.038356659733976
-1.023677247233907,-1.9493198812601813,-1.0256065714656615,-1.957470508630868,-1.0538551684318538,-2.04765984977107,-1.0213110188275032,-2.039493382874093,-0.9988524240008398,-1.9803671629262938
-1.0999605547053148,-2.0446416365069893,-1.0234509473178999,-2.0641988888821947,-1.0579830270064572,-2.0601857882426513,-0.9881762785907208,-2.039493382874093,-1.0181136923156904,-2.0507829804784796
-1.0273097856849265,-2.0446416365069893,-1.0665634302731317,-2.1123988025440843,-1.0497273098572504,-2.041396880535279,-0.9992211920029817,-2.039493382874093,-1.0358161925842373,-2.0093619113301346
-0.9691891704686159,-1.9493198812601813,-0.9674047194760984,-1.9505848066791693,-1.0400956398498427,-2.043588919767806,-1.0691723102806334,-1.9656911411222733,-0.9369848290870252,-1.9969355905856316
-1.1035930931563342,-1.9493198812601813,-1.0460850008693967,-2.0263275281478528,-1.0249601584096304,-2.024800012060434,-0.9697680895702862,-2.039493382874093,-1.0398088265274008,-2.054925087393314
-0.9328637859584217,-1.9493198812601813,-1.0299178197611847,-1.9425629639054405,-1.0001930069620102,-2.015718706668537,-0.9255884359212428,-2.0505637191368664,-1.0384597173411263,-1.992793483670797
-1.0527375548420623,-2.0446416365069893,-1.0126728265790919,-2.0607560379063457,-1.0001930069620102,-1.9919194235725326,-0.9881762785907208,-2.002592261998183,-1.027129023296943,-2.0507829804784796
-1.0273097856849265,-1.9493198812601813,-1.0159062628007343,-2.0297703791237023,-0.9960651483874068,-2.0006875805026394,-0.9587231761580253,-2.039493382874093,-1.0236468630999376,-1.9886513767559626
-1.0382074010379847,-1.9493198812601813,-0.9286034848163895,-2.057313186930496,-0.8460862868434846,-1.844113349607872,-0.9992211920029817,-1.928051997828845,-0.9497193259331427,-1.9306618799482802
-0.9909844011747324,-2.0446416365069893,-1.0309956318350655,-1.9781276144859632,-0.9919372898128034,-1.9912931266489537,-0.9955395541988947,-2.002592261998183,-0.990566341228384,-1.9886513767559626
-0.987351862723713,-1.9493198812601813,-0.9997390816925223,-2.011419983422426,-0.9602903740741777,-1.9427551150715756,-1.0397192078479378,-1.9439194798054864,-0.9759449146420044,-1.9679408421817903
-0.9328637859584217,-2.0446416365069893,-0.9630934711805751,-2.0504274849787976,-1.023584205551429,-2.0345076143759093,-0.9513599005498514,-2.039493382874093,-1.025953110560258,-2.038356659733976
-0.9546590166645382,-2.0446416365069893,-0.9609378470328136,-1.9540276576550184,-0.9933132426710046,-2.024173715136855,-0.9918579163948078,-2.012555564634679,-0.9356721823111906,-1.9430882006927837
-0.9328637859584217,-1.9493198812601813,-1.0148284507268535,-1.9413923945736518,-1.0593589798646583,-2.0345076143759093,-1.0618090346724596,-1.987093791230301,-1.0051421898017139,-1.9513724145224525
-0.9728217089196353,-2.0446416365069893,-0.9932722092492375,-1.9643562105825663,-0.9203877411863453,-1.9292897312146258,-0.9844946407866338,-1.9656911411222733,-0.959327171084043,-1.9886513767559626
-0.9437614013114799,-2.0446416365069893,-1.0687190544208933,-2.0687778806800745,-1.0001930069620102,-2.001000728964429,-0.9550415383539383,-2.037648326830298,-1.0483592617755455,-2.001077697500466
-0.9655566320175965,-1.9493198812601813,-1.0094393903574495,-1.9402562537516215,-1.0359677812752393,-2.007576846662009,-1.0765355858888073,-1.9287900202463633,-0.9889893419768606,-2.021788232074638
-0.9764542473706547,-2.0446416365069893,-0.980338464362668,-2.012556124244456,-0.9162598826117418,-1.9612308743171583,-0.9366333493335037,-2.002592261998183,-0.9339493334179076,-1.9513724145224525
-0.9510264782135188,-1.9493198812601813,-0.9253700485947471,-1.933370551799923,-1.009824676969418,-2.0022533228115873,-1.043400845652025,-1.9656911411222733,-0.966346185093714,-1.9803671629262938
-0.9691891704686159,-1.9493198812601813,-1.0083615782835686,-1.9953418693652096,-0.9850575255217978,-1.9725042189415816,-0.9918579163948078,-2.0081274301295697,-1.0295264267833633,-1.9430882006927837
-1.1035930931563342,-1.9493198812601813,-1.0234509473178999,-2.0228846771720037,-1.0868780370286808,-2.0677013513256,-1.0176293810234163,-2.039493382874093,-1.0781399355022927,-2.071493515052652
-0.9837193242726936,-1.9493198812601813,-1.0460850008693967,-1.988456167413511,-1.033215875558837,-2.016031855130327,-1.0102661054152424,-2.002592261998183,-1.0439837725227634,-2.0424987666488104
-1.0600026317441014,-1.9493198812601813,-0.9458484779984824,-2.019441826196154,-1.0497273098572504,-2.048912443618228,-0.97713136517846,-2.039493382874093,-1.0439837725227634,-2.0052198044153005
-1.0273097856849265,-2.0446416365069893,-1.0353068801305887,-2.0297703791237023,-1.056607074148256,-2.0586200459337034,-0.9697680895702862,-2.039493382874093,-1.0498724518087994,-2.129483011860334
-0.9582915551155576,-2.0446416365069893,-1.0320734439089463,-2.061892178728376,-0.9203877411863453,-1.9490180843073663,-0.9439966249416775,-2.009972486173365,-0.9549334506260412,-2.0590671943081484
-1.0817978624502178,-2.0446416365069893,-1.081652799307463,-2.04009893205125,-0.9974411012456079,-2.018537042824643,-0.9292700737253298,-2.039493382874093,-1.0109032506512101,-2.092204049626824
-1.041839939489004,-2.0446416365069893,-0.9523153504417672,-1.9402562537516215,-0.8722293911493059,-1.8719835627071408,-1.0249926566315901,-1.8918888993704532,-0.9361097312364688,-1.9596566283521215
-1.0127796318808489,-2.0446416365069893,-0.9393816055551976,-1.94714195570332,-0.9520346569249709,-1.9706253281708443,-1.0176293810234163,-1.9656911411222733,-0.9297926186277649,-1.992793483670797
-0.9328637859584217,-2.0446416365069893,-0.9436928538507207,-1.9264848498482243,-1.0139525355440213,-2.0392048413027526,-1.032355932239764,-2.002592261998183,-0.9242594478435178,-1.963798735266956
-1.0527375548420623,-1.9493198812601813,-0.9016581829693696,-1.9127134459448274,-0.9396510812011609,-1.951210123539893,-1.0581273968683726,-1.8918888993704532,-0.9155084693379539,-1.9596566283521215
-0.9946169396257518,-2.0446416365069893,-0.9404594176290784,-2.056177046108466,-0.97542585551439,-1.9471391935366293,-1.043400845652025,-1.9490856367281137,-1.0042215139381077,-2.030072445904307
-0.918333632154344,-2.0446416365069893,-0.9663269074022176,-1.9918990183893603,-0.9479067983503676,-1.943381411995155,-1.0176293810234163,-1.9656911411222733,-0.965133809946589,-1.9306618799482802
-0.9691891704686159,-1.9493198812601813,-0.9436928538507207,-1.9230419988723753,-0.9506587040667698,-2.0122740735888525,-1.036037570043851,-1.9287900202463633,-0.8799485035564906,-1.909951345374108
-0.9982494780767712,-2.0446416365069893,-1.065485618199251,-2.0056704222927575,-1.0070727712530156,-2.0194764882100116,-0.9587231761580253,-2.039493382874093,-1.0033008380745014,-1.992793483670797
-1.049105016391043,-2.0446416365069893,-0.8391450826842832,-2.0469846340029485,-1.0290880169842336,-2.0197896366718013,-1.0470824834561119,-1.9656911411222733,-0.9719796275066708,-1.9886513767559626
-1.0273097856849265,-1.9493198812601813,-1.0557853095343237,-1.9746847635101141,-1.0070727712530156,-2.0235474182132758,-0.9476782627457645,-2.039493382874093,-1.0051421898017139,-2.0507829804784796
-0.9219661706053635,-1.9493198812601813,-1.0245287593917807,-2.042405642205069,-0.9933132426710046,-1.9471391935366293,-1.0691723102806334,-1.9191957288186268,-1.037128839360072,-1.9430882006927837
-0.987351862723713,-2.0446416365069893,-1.0363846922044695,-1.957470508630868,-1.0139525355440213,-1.987065622414795,-1.0268334755336337,-1.9948430266142423,-1.0439837725227634,-1.992793483670797
-0.9582915551155576,-2.0446416365069893,-1.0083615782835686,-2.057313186930496,-0.9919372898128034,-2.031376129758014,-0.848274042035417,-2.076394503750003,-1.080236524102584,-2.017646125159804
-0.9510264782135188,-2.0446416365069893,-1.0417737525738735,-1.8954991910655812,-0.964418232648781,-2.0257394574458023,-0.8225025774068084,-2.076394503750003,-1.0129086832254017,-1.9845092698411282
-1.0164121703318683,-1.9493198812601813,-0.8725572569745879,-1.9023848930172795,-0.9836815726635967,-1.9825249697188467,-1.0213110188275032,-1.9656911411222733,-0.965133809946589,-1.9969355905856316
-1.074532785548179,-1.9493198812601813,-1.0773415510119397,-2.0469846340029485,-1.046975404140848,-2.032628723605172,-0.9955395541988947,-2.039493382874093,-1.0721327533823275,-2.017646125159804
-0.9655566320175965,-1.9493198812601813,-0.9717159677716216,-2.0332132300995513,-1.0455994512826472,-2.009768885894536,-1.0507641212601988,-2.002592261998183,-1.0594711813570896,-2.021788232074638
-1.0345748625869653,-1.9493198812601813,-1.0256065714656615,-2.0171351160423354,-0.998817054103809,-2.0028796197351664,-0.9918579163948078,-2.0155076543047517,-0.9851790200858964,-1.9596566283521215
-1.0527375548420623,-1.9493198812601813,-1.0622521819776085,-1.988456167413511,-1.0084487241112168,-2.0366996536084363,-0.8777271444681126,-2.076394503750003,-1.0868271047895868,-1.9969355905856316
-0.9401288628604605,-2.0446416365069893,-1.000816893766403,-2.0848559947372904,-0.9245155997609485,-1.9205215742845188,-0.9955395541988947,-1.9656911411222733,-0.9766285848377516,-1.9720829490966247
-0.9364963244094411,-1.9493198812601813,-0.9113584916342968,-1.9299277008240736,-0.9795537140889934,-1.9624834681643164,-1.0507641212601988,-1.9287900202463633,-0.9707034431412761,-1.9265197730334458
-0.9909844011747324,-2.0446416365069893,-1.0320734439089463,-2.0263275281478528,-0.9575384683577755,-2.0103951828181152,-0.8409107664272432,-2.076394503750003,-1.0118968513356958,-2.038356659733976
-0.9946169396257518,-1.9493198812601813,-0.96956034362386,-1.9161562969206767,-1.0373437341334404,-2.04734670130928,-0.9844946407866338,-2.039493382874093,-0.9913593986554508,-1.9845092698411282
-0.961924093566577,-1.9493198812601813,-0.991116585101476,-1.957470508630868,-1.0428475455662447,-2.0210422305189595,-1.0397192078479378,-2.002592261998183,-1.0181136923156904,-1.992793483670797
-0.987351862723713,-2.0446416365069893,-0.9932722092492375,-2.056177046108466,-1.0758704141630717,-2.066448757478442,-1.0213110188275032,-2.037648326830298,-1.0181136923156904,-2.092204049626824
-0.9255987090563829,-1.9493198812601813,-1.0202175110962575,-1.9540276576550184,-0.9258915526191496,-1.9671806950911594,-1.036037570043851,-1.9287900202463633,-0.8936492542792641,-1.963798735266956
-0.9837193242726936,-2.0446416365069893,-1.0245287593917807,-1.9643562105825663,-1.0070727712530156,-2.0031927681969557,-1.0139477432193293,-2.002592261998183,-0.9844315406718794,-1.9845092698411282
-1.00551455497881,-1.9493198812601813,-1.011595014505211,-1.988456167413511,-1.022208252693228,-2.015405558206748,-1.0213110188275032,-2.002592261998183,-0.9889893419768606,-1.9306618799482802
-0.987351862723713,-2.0446416365069893,-0.9738715919193831,-1.9368134027757722,-0.8749812968657082,-1.9083087842747268,-0.9366333493335037,-2.002592261998183,-0.9424268438451728,-2.021788232074638
-1.0345748625869653,-2.0446416365069893,-1.059018745755966,-1.998784720341059,-1.0538551684318538,-2.0780352505646547,-0.9329517115294167,-2.076394503750003,-1.0213953092552768,-1.9845092698411282
-0.9328637859584217,-1.9493198812601813,-1.0363846922044695,-2.0848559947372904,-1.0070727712530156,-1.98033293048632,-1.0544457590642857,-1.9656911411222733,-0.9988524240008398,-1.9679408421817903
-0.961924093566577,-1.9493198812601813,-1.0245287593917807,-1.9953418693652096,-1.0263361112678313,-2.0263657543693814,-0.9844946407866338,-2.039493382874093,-1.015998872510179,-2.0259303389894727
-0.9909844011747324,-1.9493198812601813,-0.9814162764365487,-1.960913359606717,-0.9823056198053955,-1.9894142358782163,-0.980813002982547,-2.002592261998183,-0.9836931768604725,-2.017646125159804
-1.092695477803276,-1.9493198812601813,-1.0902752958985094,-2.057313186930496,-1.0249601584096304,-2.0304366843726456,-1.0065844676111555,-2.002592261998183,-0.9759449146420044,-1.9969355905856316
-0.9292312475074022,-2.0446416365069893,-1.0051281420619262,-2.0056704222927575,-0.9121320240371384,-1.8970354396503037,-0.9881762785907208,-1.9656911411222733,-1.008943396090068,-1.9720829490966247
-1.0164121703318683,-2.0446416365069893,-1.0525518733126813,-2.0332132300995513,-1.0442234984244458,-2.0363865051466465,-0.980813002982547,-2.039493382874093,-1.0683315470939732,-2.030072445904307
-0.9582915551155576,-1.9493198812601813,-1.022373135244019,-1.9712419125342648,-1.066238744155664,-2.0451546620767536,-1.0618090346724596,-2.002592261998183,-0.997138690710167,-2.054925087393314
-0.987351862723713,-2.0446416365069893,-1.0202175110962575,-2.015998975220305,-0.9878094312382001,-1.9787671881773723,-1.0765355858888073,-1.8918888993704532,-0.9401205963848523,-2.021788232074638
-1.0382074010379847,-2.0446416365069893,-1.054707497460443,-2.077970292785592,-1.033215875558837,-2.0864902590329724,-0.8593189554476779,-2.076394503750003,-1.019198449026276,-2.0052198044153005
-0.9546590166645382,-2.0446416365069893,-1.006205954135807,-2.015998975220305,-0.8749812968657082,-1.8748018988632467,-0.980813002982547,-1.9656911411222733,-0.967567675843449,-2.0052198044153005
-0.9292312475074022,-1.9493198812601813,-1.016984074874615,-1.9781276144859632,-0.9561625154995743,-1.9436945604569442,-0.9624048139621122,-2.002592261998183,-1.0702093612316252,-2.017646125159804
-1.074532785548179,-1.9493198812601813,-0.9447706659246016,-2.04009893205125,-0.9465308454921665,-1.9468260450748398,-1.043400845652025,-1.9287900202463633,-0.9387623715959679,-2.0342145528191415
-0.9401288628604605,-1.9493198812601813,-0.9232144244469855,-1.9746847635101141,-0.998817054103809,-1.9831512666424258,-1.0544457590642857,-1.9656911411222733,-0.9700653509585787,-1.955514521437287
-0.9255987090563829,-2.0446416365069893,-0.9814162764365487,-1.9368134027757722,-0.9382751283429597,-1.9571599443138943,-0.9918579163948078,-2.002592261998183,-0.9419619481120647,-2.0590671943081484
-0.9909844011747324,-2.0446416365069893,-1.022373135244019,-2.032077089277521,-1.0497273098572504,-2.0686407967109686,-0.9219067981171559,-2.070859335618617,-1.0629168791436554,-2.038356659733976
-1.0709002470971596,-2.0446416365069893,-0.9070472433387736,-1.987320026591481,-0.9795537140889934,-1.9574730927756838,-0.9992211920029817,-1.9996401723281105,-1.0545396403451,-2.001077697500466
-0.9764542473706547,-1.9493198812601813,-1.0309956318350655,-2.0056704222927575,-1.0167044412604236,-1.9822118212570572,-1.032355932239764,-2.002592261998183,-1.0740926079434694,-2.0342145528191415
-1.0527375548420623,-1.9493198812601813,-0.9609378470328136,-2.04009893205125,-1.0056968183948145,-2.0129003705124315,-0.9881762785907208,-2.039493382874093,-0.9836931768604725,-1.9969355905856316
-0.9328637859584217,-2.0446416365069893,-1.0611743699037277,-2.04009893205125,-1.0263361112678313,-2.024486863598644,-0.9660864517661992,-2.039493382874093,-1.0561531020070634,-2.0590671943081484
-0.9982494780767712,-2.0446416365069893,-1.0083615782835686,-2.0641988888821947,-1.0387196869916415,-2.024486863598644,-0.9955395541988947,-2.039493382874093,-1.0646853060499881,-2.054925087393314
-0.9764542473706547,-1.9493198812601813,-1.0374625042783503,-2.0469846340029485,-1.0910058956032842,-2.0755300628703384,-1.032355932239764,-2.039493382874093,-1.0307479175330982,-2.0135040182449693
-0.961924093566577,-1.9493198812601813,-1.0137506386529727,-2.015998975220305,-1.0359677812752393,-2.021981675904328,-1.0139477432193293,-2.002592261998183,-1.025953110560258,-2.001077697500466
-0.9837193242726936,-2.0446416365069893,-0.9264478606686279,-2.04123507287328,-1.0043208655366134,-2.0135266674360106,-1.0139477432193293,-2.0011162171631467,-0.9571029640472122,-1.955514521437287
-1.0018820165277906,-1.9493198812601813,-1.0245287593917807,-1.94714195570332,-0.9726739497979878,-1.9699990312472653,-0.9697680895702862,-2.002592261998183,-1.0213953092552768,-1.963798735266956
-0.987351862723713,-2.0446416365069893,-0.9663269074022176,-1.9666629207363853,-0.9699220440815854,-1.972817367403371,-1.0029028298070686,-1.991152914526651,-0.9688073977984039,-1.9720829490966247
-0.9255987090563829,-2.0446416365069893,-0.9652490953283367,-1.9058277439931288,-0.9424029869175631,-1.979706633562741,-0.97713136517846,-2.002592261998183,-0.9262010711994397,-2.021788232074638
-0.9582915551155576,-1.9493198812601813,-1.038540316352231,-1.94714195570332,-0.9231396469027474,-1.8835700557933537,-1.0397192078479378,-1.9287900202463633,-1.022516528376302,-2.0135040182449693
-1.0091470934298294,-1.9493198812601813,-1.039618128426112,-2.04009893205125,-1.0084487241112168,-1.9837775635660049,-1.0654906724765465,-1.9287900202463633,-0.9822346804428785,-2.0673514081378173
-0.9909844011747324,-1.9493198812601813,-1.0018947058402838,-1.9781276144859632,-1.0387196869916415,-2.024800012060434,-1.0065844676111555,-2.039493382874093,-1.0398088265274008,-2.0135040182449693
-0.9328637859584217,-1.9493198812601813,-1.0309956318350655,-1.9953418693652096,-0.97542585551439,-1.9643623589350536,-1.028674294435677,-1.9656911411222733,-0.9766285848377516,-1.918235559203777
-0.9982494780767712,-2.0446416365069893,-1.0460850008693967,-2.0332132300995513,-1.0731185084466695,-2.08147988364434,-0.9550415383539383,-2.0693832907835805,-1.0611757990451527,-2.0797777288823207
-1.0091470934298294,-1.9493198812601813,-0.9986612696186415,-2.002227571316908,-0.9203877411863453,-1.9299160281382048,-0.9660864517661992,-2.002592261998183,-0.9732831586798953,-1.918235559203777
-1.00551455497881,-2.0446416365069893,-0.9350703572596744,-1.9643562105825663,-1.001568959820211,-1.985030157413163,-1.0139477432193293,-1.9992711611193514,-1.0181136923156904,-1.9679408421817903
-0.9038034783502663,-2.0446416365069893,-0.9598600349589327,-2.057313186930496,-0.9547865626413732,-1.939310481991891,-1.0213110188275032,-1.9638460850784778,-0.987448805135777,-1.9762250560114594
-1.074532785548179,-2.0446416365069893,-1.0234509473178999,-2.0056704222927575,-1.020832299835027,-2.0141529643595897,-0.9844946407866338,-2.039493382874093,-1.0384597173411263,-2.030072445904307
-0.9401288628604605,-1.9493198812601813,-0.9469262900723632,-1.94714195570332,-0.9671701383651833,-1.98033293048632,-1.0102661054152424,-1.9656911411222733,-0.9447969005237629,-2.001077697500466
-1.023677247233907,-2.0446416365069893,-0.9598600349589327,-2.012556124244456,-1.009824676969418,-2.001000728964429,-1.0029028298070686,-2.002592261998183,-1.0118968513356958,-2.038356659733976
-0.9909844011747324,-2.0446416365069893,-1.0202175110962575,-2.053870335954647,-0.9685460912233844,-1.9793934851009514,-0.9439966249416775,-2.039493382874093,-1.0109032506512101,-2.001077697500466
-0.9837193242726936,-1.9493198812601813,-0.985727524732072,-1.998784720341059,-0.998817054103809,-2.021355378980749,-1.032355932239764,-1.9656911411222733,-0.9250342740653645,-1.9596566283521215
-0.9800867858216741,-2.0446416365069893,-1.034229068056708,-1.944835245549501,-0.9327713169101552,-1.9258450981349409,-1.0065844676111555,-1.9671671859573097,-0.9752703600488672,-1.9306618799482802
-0.9110685552523051,-2.0446416365069893,-0.9932722092492375,-1.9746847635101141,-0.9699220440815854,-1.9912931266489537,-0.9366333493335037,-2.039493382874093,-0.990566341228384,-1.9679408421817903
-0.9800867858216741,-2.0446416365069893,-0.9954278333969991,-1.9540276576550184,-1.0180803941186245,-2.0545491159304397,-0.9366333493335037,-2.039493382874093,-0.9713415353239734,-1.9389460937779492
-1.023677247233907,-2.0446416365069893,-0.96956034362386,-2.0056704222927575,-0.9176358354699429,-1.9079956358129373,-1.0176293810234163,-1.9287900202463633,-0.9669569304685814,-1.9969355905856316
-0.9038034783502663,-2.0446416365069893,-0.948004102146244,-1.920735288718556,-0.9451548926339653,-1.963422913549685,-1.0765355858888073,-1.8586778905821344,-0.9013519384846822,-1.9389460937779492
-0.9764542473706547,-1.9493198812601813,-0.9383037934813168,-1.9379495435978025,-0.97542585551439,-2.036073356684857,-1.0912621371051552,-1.8446554646492885,-0.8666032613355057,-1.918235559203777
-0.9292312475074022,-1.9493198812601813,-1.0072837662096878,-1.9505848066791693,-0.9396510812011609,-2.004445362044114,-1.0544457590642857,-1.8918888993704532,-0.8709787505882876,-1.9430882006927837
-0.9691891704686159,-2.0446416365069893,-0.9943500213231184,-1.988456167413511,-0.9217636940445463,-1.9220873165934664,-1.043400845652025,-1.8918888993704532,-0.9339493334179076,-1.9803671629262938
-1.0018820165277906,-2.0446416365069893,-0.9458484779984824,-2.066505599036014,-0.9272675054773508,-1.943381411995155,-1.043400845652025,-1.9151366055222767,-0.9155084693379539,-1.9513724145224525
-0.9546590166645382,-1.9493198812601813,-1.0083615782835686,-2.0332132300995513,-1.0070727712530156,-1.9988086897319024,-1.0397192078479378,-1.9656911411222733,-0.9700653509585787,-1.9720829490966247
-0.9255987090563829,-2.0446416365069893,-0.8854910018611576,-1.9712419125342648,-0.97542585551439,-1.9750094066358979,-0.980813002982547,-2.002592261998183,-1.0006117353045627,-2.0052198044153005
-1.0382074010379847,-2.0446416365069893,-0.9329147331119128,-2.0607560379063457,-1.0290880169842336,-2.023234269751486,-1.0102661054152424,-2.002592261998183,-1.0014959487577288,-1.9803671629262938
-1.0127796318808489,-1.9493198812601813,-1.0557853095343237,-2.002227571316908,-1.0277120641260324,-2.0291840905254874,-0.980813002982547,-2.039493382874093,-1.0170562824129348,-1.955514521437287
-0.9909844011747324,-1.9493198812601813,-0.96956034362386,-1.957470508630868,-1.0029449126784122,-1.9631097650878955,-1.0654906724765465,-1.9287900202463633,-1.0236468630999376,-1.9845092698411282
-0.918333632154344,-1.9493198812601813,-1.0256065714656615,-2.036656081075401,-1.0703666027302672,-2.0464072559239117,-1.0397192078479378,-2.002592261998183,-1.041176166918895,-2.0052198044153005
-0.9691891704686159,-2.0446416365069893,-0.8951913105260848,-1.9230419988723753,-1.011200629827619,-2.0113346282034836,-1.0581273968683726,-1.9656911411222733,-0.9428917395782808,-1.963798735266956
-0.9728217089196353,-1.9493198812601813,-1.006205954135807,-1.9712419125342648,-1.0167044412604236,-2.0016270258880082,-1.0581273968683726,-1.9656911411222733,-0.9707034431412761,-1.9679408421817903
-1.0600026317441014,-1.9493198812601813,-1.0471628129432773,-2.0228846771720037,-1.0717425555884683,-2.057680600548335,-1.0065844676111555,-2.039493382874093,-1.0629168791436554,-2.054925087393314
-0.9946169396257518,-2.0446416365069893,-1.0482406250171583,-2.012556124244456,-0.998817054103809,-2.006637401276641,-0.9366333493335037,-2.039493382874093,-1.0514038730472728,-2.0590671943081484
-1.0200447087828877,-2.0446416365069893,-0.9145919278559392,-2.036656081075401,-0.908004165462535,-1.9105008235072538,-1.0618090346724596,-1.8549877784945432,-0.9190544387532292,-1.947230307607618
-0.9800867858216741,-1.9493198812601813,-1.0126728265790919,-1.9299277008240736,-1.011200629827619,-1.9928588689579012,-1.0397192078479378,-1.9656911411222733,-0.9946136687872074,-1.9969355905856316
-1.0636351701951208,-2.0446416365069893,-1.033151255982827,-2.0332132300995513,-0.998817054103809,-1.9759488520212665,-1.0249926566315901,-2.002592261998183,-1.022516528376302,-2.0590671943081484
-0.9728217089196353,-2.0446416365069893,-1.0072837662096878,-2.0504274849787976,-0.9245155997609485,-1.943381411995155,-0.9660864517661992,-2.002592261998183,-0.9565560278906144,-1.9845092698411282
-1.0164121703318683,-2.0446416365069893,-1.0137506386529727,-1.8679563832587869,-1.009824676969418,-2.003819065120535,-0.980813002982547,-2.039493382874093,-1.0358161925842373,-2.030072445904307
-0.9691891704686159,-1.9493198812601813,-0.9404594176290784,-1.9436991047274708,-1.022208252693228,-1.9988086897319024,-1.032355932239764,-2.002592261998183,-1.0247954290287928,-2.017646125159804
-0.9437614013114799,-1.9493198812601813,-0.9781828402149064,-1.9436991047274708,-1.0070727712530156,-1.9818986727952677,-1.032355932239764,-2.002592261998183,-1.0236468630999376,-1.9762250560114594
-1.0200447087828877,-2.0446416365069893,-0.9814162764365487,-1.909270594968978,-0.9960651483874068,-1.9912931266489537,-0.9624048139621122,-2.039493382874093,-1.0578030260794664,-1.992793483670797
-1.1072256316073539,-2.0446416365069893,-1.011595014505211,-2.04009893205125,-0.9506587040667698,-1.9355527004504165,-1.0139477432193293,-1.9656911411222733,-0.9929728603174142,-2.030072445904307
-0.918333632154344,-1.9493198812601813,-1.0029725179141646,-2.0332132300995513,-0.9575384683577755,-1.9421288181479968,-1.0102661054152424,-1.9656911411222733,-1.0006117353045627,-2.001077697500466
-0.9946169396257518,-1.9493198812601813,-0.9824940885104295,-1.9677990615584156,-0.8722293911493059,-1.87260985963072,-1.0213110188275032,-1.9287900202463633,-0.9374223780123035,-1.9845092698411282
-0.961924093566577,-1.9493198812601813,-1.0299178197611847,-2.074527441809743,-1.0125765826858202,-2.0125872220506418,-0.9955395541988947,-2.002592261998183,-0.9962909396674405,-2.030072445904307
-0.9691891704686159,-2.0446416365069893,-1.0202175110962575,-2.0056704222927575,-1.0043208655366134,-2.0294972389872767,-0.9219067981171559,-2.039493382874093,-1.0109032506512101,-2.001077697500466
-0.9982494780767712,-1.9493198812601813,-1.0579409336820853,-2.043541783027099,-1.0965097070360885,-2.047033552847491,-1.098625412713329,-1.9656911411222733,-1.0611757990451527,-2.071493515052652
-1.0273097856849265,-1.9493198812601813,-0.9393816055551976,-1.892056340089732,-0.9878094312382001,-2.0175975974392744,-1.0029028298070686,-2.002592261998183,-0.9297926186277649,-1.864388169310929
-1.0854304009012372,-1.9493198812601813,-1.0406959404999927,-2.0332132300995513,-1.0813742255958763,-2.0695802420963374,-1.0065844676111555,-2.039493382874093,-1.0578030260794664,-2.0424987666488104
-0.987351862723713,-1.9493198812601813,-1.0719524906425357,-2.0469846340029485,-1.0511032627154515,-2.097137306733816,-0.8814087822721995,-2.076394503750003,-1.0202923213394712,-2.038356659733976
-1.0527375548420623,-2.0446416365069893,-1.0557853095343237,-2.036656081075401,-0.9107560711789373,-2.0031927681969557,-0.9918579163948078,-1.9656911411222733,-0.8676242088278214,-1.9969355905856316
-1.023677247233907,-1.9493198812601813,-0.9544709745895287,-1.9781276144859632,-0.8901167783059205,-1.9111271204308327,-0.9992211920029817,-1.9656911411222733,-0.9258091002872113,-1.9389460937779492
-1.074532785548179,-1.9493198812601813,-1.0094393903574495,-1.985013316437662,-1.0373437341334404,-2.0216685274425386,-1.0139477432193293,-2.002592261998183,-1.0332455926482278,-1.9886513767559626
-1.00551455497881,-1.9493198812601813,-1.033151255982827,-2.015998975220305,-0.9919372898128034,-1.9837775635660049,-0.9844946407866338,-2.002592261998183,-1.0283231672388482,-2.075635621967486
-1.0600026317441014,-1.9493198812601813,-0.9501597262940056,-1.9815704654618127,-1.0167044412604236,-2.030123535910856,-1.0176293810234163,-2.002592261998183,-0.9502297996793005,-2.0590671943081484
-1.0200447087828877,-2.0446416365069893,-1.0848862355291053,-2.0263275281478528,-1.0359677812752393,-2.03419446591412,-0.9587231761580253,-2.0516707527631435,-1.0823786907159252,-2.046640873563645
-0.961924093566577,-1.9493198812601813,-0.9943500213231184,-1.9677990615584156,-0.9933132426710046,-1.9825249697188467,-1.0249926566315901,-1.9656911411222733,-0.9851790200858964,-1.9389460937779492
-0.9837193242726936,-2.0446416365069893,-0.9792606522887871,-1.9781276144859632,-1.0139525355440213,-2.013213518974221,-1.0065844676111555,-2.002592261998183,-0.9866830945165402,-1.9596566283521215
-0.9582915551155576,-2.0446416365069893,-1.0072837662096878,-1.9712419125342648,-1.0428475455662447,-2.048286146694649,-0.9476782627457645,-2.076394503750003,-1.0721327533823275,-1.9762250560114594
-0.9800867858216741,-1.9493198812601813,-0.8951913105260848,-1.9299277008240736,-1.0359677812752393,-2.026678902831171,-1.0249926566315901,-2.002592261998183,-0.9962909396674405,-1.9596566283521215
-1.049105016391043,-1.9493198812601813,-1.0245287593917807,-1.9999208611630892,-1.046975404140848,-2.0282446451401186,-1.0654906724765465,-1.9715953204624188,-0.9808035308331144,-1.9886513767559626
-0.9982494780767712,-1.9493198812601813,-1.006205954135807,-2.019441826196154,-1.009824676969418,-1.9950509081904282,-1.0397192078479378,-1.9656911411222733,-0.9851790200858964,-1.9016671315444391
-0.9655566320175965,-2.0446416365069893,-1.038540316352231,-2.012556124244456,-0.9905613369546022,-1.9947377597286384,-1.0065844676111555,-2.002592261998183,-0.9688073977984039,-1.9016671315444391
-1.0454724779400235,-1.9493198812601813,-0.8628569483096609,-2.015998975220305,-0.9589144212159766,-1.968120140476528,-1.043400845652025,-1.9287900202463633,-0.9289813299954783,-1.9513724145224525
-1.0091470934298294,-1.9493198812601813,-0.829444774019356,-1.985013316437662,-0.9699220440815854,-1.9662412497057908,-1.0213110188275032,-1.9656911411222733,-0.966346185093714,-1.9679408421817903
-1.0164121703318683,-1.9493198812601813,-0.9975834575447607,-1.985013316437662,-0.9781777612307923,-2.0100820343563255,-1.0249926566315901,-1.9656911411222733,-0.9144692906404182,-1.918235559203777
-1.0091470934298294,-2.0446416365069893,-0.9620156591066944,-2.04009893205125,-1.0249601584096304,-2.003819065120535,-1.043400845652025,-1.9841417015602283,-1.0051421898017139,-1.9720829490966247
-0.9800867858216741,-2.0446416365069893,-1.0579409336820853,-2.057313186930496,-1.001568959820211,-2.0125872220506418,-0.9255884359212428,-2.039493382874093,-1.0611757990451527,-2.075635621967486
-0.9473939397624993,-1.9493198812601813,-1.0094393903574495,-1.9505848066791693,-0.9492827512085686,-2.0191633397482223,-1.0139477432193293,-1.9656911411222733,-0.8806595205600677,-2.017646125159804
-1.0273097856849265,-1.9493198812601813,-1.0234509473178999,-2.015998975220305,-0.986433478379999,-1.9872221966456898,-0.9734497273743731,-2.002592261998183,-1.0109032506512101,-2.021788232074638
-1.074532785548179,-2.0446416365069893,-1.0105172024313303,-2.0056704222927575,-1.066238744155664,-2.057054303624756,-1.0029028298070686,-2.039493382874093,-1.0425708541182193,-2.001077697500466
-1.1072256316073539,-2.0446416365069893,-1.034229068056708,-2.0676417398580442,-1.0634868384392615,-2.070519687481706,-0.9918579163948078,-2.039493382874093,-1.0006117353045627,-2.0797777288823207
-0.9546590166645382,-1.9493198812601813,-1.0029725179141646,-1.892056340089732,-0.964418232648781,-1.9775145943302141,-0.9734497273743731,-2.002592261998183,-0.9719796275066708,-1.9803671629262938
-1.0018820165277906,-2.0446416365069893,-0.931836921038032,-2.0056704222927575,-0.8804851082985127,-1.869791523474614,-1.0249926566315901,-1.913291549478481,-0.9538669251206756,-2.001077697500466
-0.9800867858216741,-1.9493198812601813,-0.9900387730275951,-1.9815704654618127,-0.9850575255217978,-1.955281053543157,-1.0618090346724596,-1.9287900202463633,-0.990566341228384,-2.0632093012229826
-0.9837193242726936,-1.9493198812601813,-0.9975834575447607,-2.0056704222927575,-1.0056968183948145,-1.989101087416427,-1.0507641212601988,-1.9656911411222733,-0.9773122550334988,-2.038356659733976
-1.0018820165277906,-2.0446416365069893,-1.038540316352231,-1.9781276144859632,-1.1088932827598985,-2.115613065979399,-0.97713136517846,-2.076394503750003,-1.0468825341527315,-1.9762250560114594
-0.9837193242726936,-2.0446416365069893,-0.9738715919193831,-1.9413923945736518,-1.0607349327228595,-2.044215216691385,-1.0139477432193293,-2.033958214742707,-1.0514038730472728,-2.0259303389894727
-1.0709002470971596,-1.9493198812601813,-1.0891974838246286,-2.074527441809743,-1.0428475455662447,-2.0257394574458023,-1.032355932239764,-2.002592261998183,-1.0129086832254017,-2.054925087393314
-0.9510264782135188,-2.0446416365069893,-0.9393816055551976,-2.0228846771720037,-1.023584205551429,-2.0727117267142328,-1.043400845652025,-2.002592261998183,-0.8958643457134849,-1.963798735266956
-0.9946169396257518,-1.9493198812601813,-1.0288400076873039,-2.0091132732686066,-1.0318399227006358,-2.0288709420636977,-0.9918579163948078,-2.039493382874093,-1.0181136923156904,-1.992793483670797
-0.9655566320175965,-1.9493198812601813,-1.0299178197611847,-1.9953418693652096,-0.9066282126043339,-1.9130060112015699,-0.9660864517661992,-2.002592261998183,-0.9759449146420044,-2.038356659733976
-0.9764542473706547,-1.9493198812601813,-1.0191396990223767,-1.9505848066791693,-1.0634868384392615,-2.0611252336280197,-0.9955395541988947,-2.039493382874093,-1.025953110560258,-2.0135040182449693
-0.9800867858216741,-2.0446416365069893,-1.0406959404999927,-2.015998975220305,-1.0084487241112168,-2.0175975974392744,-0.9476782627457645,-2.039493382874093,-1.0307479175330982,-1.9969355905856316
-1.0454724779400235,-2.0446416365069893,-0.9846497126581911,-2.074527441809743,-1.0497273098572504,-2.017284448977485,-1.028674294435677,-2.002592261998183,-1.1043655242111543,-2.075635621967486
-0.9473939397624993,-1.9493198812601813,-1.0245287593917807,-1.9436991047274708,-1.0070727712530156,-2.005071658967693,-1.0213110188275032,-2.002592261998183,-0.9732831586798953,-2.038356659733976
-1.00551455497881,-1.9493198812601813,-0.9986612696186415,-2.0848559947372904,-1.011200629827619,-2.016658152053906,-0.9513599005498514,-2.039493382874093,-1.041176166918895,-2.0880619427119895
-0.9909844011747324,-1.9493198812601813,-0.9307591089641511,-1.9402562537516215,-0.9823056198053955,-2.023234269751486,-1.0470824834561119,-1.9656911411222733,-0.8967029811536014,-1.9265197730334458
-1.023677247233907,-2.0446416365069893,-1.0697968664947741,-2.0641988888821947,-1.0593589798646583,-2.0504781859271755,-0.980813002982547,-2.039493382874093,-1.0891333522499071,-2.0507829804784796
-1.041839939489004,-1.9493198812601813,-1.0299178197611847,-2.002227571316908,-0.9781777612307923,-1.963422913549685,-0.9881762785907208,-2.002592261998183,-1.041176166918895,-1.9348039868631146
-1.074532785548179,-2.0446416365069893,-1.0460850008693967,-2.043541783027099,-1.0290880169842336,-2.023234269751486,-0.9844946407866338,-2.039493382874093,-1.0398088265274008,-2.021788232074638
-0.9655566320175965,-2.0446416365069893,-0.9814162764365487,-1.9436991047274708,-0.9878094312382001,-2.0545491159304397,-1.0691723102806334,-1.9287900202463633,-0.869921340685532,-1.992793483670797
-1.0600026317441014,-2.0446416365069893,-0.9986612696186415,-2.0297703791237023,-1.0070727712530156,-2.0216685274425386,-0.9881762785907208,-2.002592261998183,-0.9681875368209264,-2.054925087393314
-1.0854304009012372,-1.9493198812601813,-1.0309956318350655,-2.0228846771720037,-1.0634868384392615,-2.05423596746865,-0.980813002982547,-2.039493382874093,-1.096434949940487,-2.0342145528191415
-0.9473939397624993,-2.0446416365069893,-1.0040503299880454,-2.0309065199457326,-1.046975404140848,-2.058306897471914,-1.0139477432193293,-2.0258399681500063,-0.963939666004684,-1.9762250560114594
-0.987351862723713,-2.0446416365069893,-0.9846497126581911,-2.0332132300995513,-0.9589144212159766,-1.9678069920147385,-1.0029028298070686,-2.002592261998183,-0.9549334506260412,-2.0673514081378173
-0.9401288628604605,-1.9493198812601813,-0.9771050281410256,-1.9505848066791693,-0.9836815726635967,-1.9881616420310584,-1.0139477432193293,-2.002592261998183,-0.9604575058076784,-1.9803671629262938
-1.023677247233907,-2.0446416365069893,-0.9544709745895287,-1.909270594968978,-1.0180803941186245,-2.035447059761278,-0.9292700737253298,-2.039493382874093,-1.0345217770136226,-2.0093619113301346
-0.9837193242726936,-2.0446416365069893,-1.045007188795516,-2.057313186930496,-1.0345918284170381,-2.0539228190068606,-0.9255884359212428,-2.076394503750003,-1.0425708541182193,-1.9596566283521215
-0.8892733245461886,-1.9493198812601813,-1.033151255982827,-2.0228846771720037,-1.0043208655366134,-1.979706633562741,-1.0618090346724596,-1.9287900202463633,-0.9844315406718794,-1.955514521437287
-1.0200447087828877,-2.0446416365069893,-0.9027359950432504,-2.0056704222927575,-1.0056968183948145,-2.023860566675065,-1.0213110188275032,-2.002592261998183,-0.9383157070680797,-1.9596566283521215
-1.0164121703318683,-2.0446416365069893,-0.9458484779984824,-1.9299277008240736,-1.033215875558837,-2.0279314966783293,-0.9918579163948078,-2.039493382874093,-1.027129023296943,-2.0093619113301346
-0.9510264782135188,-1.9493198812601813,-0.8768685052701112,-1.9161562969206767,-1.1047654241852953,-2.1008950882752906,-1.0691723102806334,-2.002592261998183,-0.9633562674376464,-2.030072445904307
-1.056370093293082,-2.0446416365069893,-1.0805749872335821,-2.0848559947372904,-1.0373437341334404,-2.0370128020702256,-0.9660864517661992,-2.039493382874093,-1.0561531020070634,-2.137767225690003
-0.9728217089196353,-2.0446416365069893,-0.9070472433387736,-2.052734195132617,-0.9919372898128034,-1.9602914289317896,-1.028674294435677,-1.978975544637601,-1.0483592617755455,-1.9803671629262938
-0.9364963244094411,-2.0446416365069893,-1.0503962491649197,-1.892056340089732,-0.9685460912233844,-1.9806460789481095,-1.0176293810234163,-1.9763924661762873,-0.9419619481120647,-1.9596566283521215
-1.0527375548420623,-1.9493198812601813,-1.011595014505211,-1.9436991047274708,-0.9437789397757642,-1.927097691982099,-1.0397192078479378,-1.9287900202463633,-0.9694363743784913,-2.0052198044153005
-1.0091470934298294,-1.9493198812601813,-1.027762195613423,-1.9918990183893603,-0.9520346569249709,-1.962796616626106,-1.028674294435677,-1.9656911411222733,-0.9339493334179076,-2.0424987666488104
-0.9946169396257518,-2.0446416365069893,-0.9415372297029592,-2.043541783027099,-1.0731185084466695,-2.072398578252443,-0.980813002982547,-2.076394503750003,-1.0514038730472728,-2.0259303389894727
-0.9255987090563829,-2.0446416365069893,-0.9145919278559392,-1.9368134027757722,-0.9850575255217978,-1.9869090481839002,-0.9844946407866338,-2.002592261998183,-0.9937932645523108,-1.9140934522889423
-1.0527375548420623,-2.0446416365069893,-1.000816893766403,-2.0263275281478528,-0.9891853840964012,-1.9928588689579012,-0.9513599005498514,-2.039493382874093,-1.0358161925842373,-1.9803671629262938
-0.918333632154344,-1.9493198812601813,-0.9932722092492375,-2.004534281470727,-0.8901167783059205,-1.8829437588697746,-1.032355932239764,-1.9081253925558537,-0.9452800274620909,-1.992793483670797
-1.00551455497881,-2.0446416365069893,-0.991116585101476,-2.0504274849787976,-0.9740499026561888,-1.952775865848841,-1.043400845652025,-1.9287900202463633,-0.9851790200858964,-1.9969355905856316
-1.0273097856849265,-2.0446416365069893,-0.9199809882253432,-1.9012487521952492,-1.0029449126784122,-1.9818986727952677,-1.0176293810234163,-1.9966880826580378,-1.0295264267833633,-1.963798735266956
-1.0527375548420623,-2.0446416365069893,-0.9286034848163895,-2.074527441809743,-1.0153284884022225,-2.001313877426219,-0.9955395541988947,-2.021411833644897,-1.0468825341527315,-1.9969355905856316
-0.9909844011747324,-2.0446416365069893,-1.0245287593917807,-2.0263275281478528,-0.9011244011715295,-1.9058035965804105,-0.9292700737253298,-2.002592261998183,-1.0213953092552768,-1.992793483670797
-1.0200447087828877,-2.0446416365069893,-1.054707497460443,-2.053870335954647,-1.066238744155664,-2.0573674520865453,-0.9881762785907208,-2.039493382874093,-1.0740926079434694,-2.0052198044153005
-0.9764542473706547,-2.0446416365069893,-1.0363846922044695,-1.9999208611630892,-0.998817054103809,-1.9653018043204222,-1.043400845652025,-1.9656911411222733,-1.0332455926482278,-1.9389460937779492
-0.961924093566577,-1.9493198812601813,-0.9835719005843104,-1.9781276144859632,-0.9602903740741777,-1.9549679050813675,-1.043400845652025,-1.9287900202463633,-0.9502297996793005,-1.9845092698411282
-1.0781653239991984,-1.9493198812601813,-0.9221366123731048,-1.94714195570332,-0.9217636940445463,-1.9355527004504165,-0.9734497273743731,-2.002592261998183,-0.959327171084043,-2.0093619113301346
-0.9909844011747324,-1.9493198812601813,-1.039618128426112,-1.9712419125342648,-0.9616663269323789,-1.92647139505852,-1.0728539480847203,-1.8918888993704532,-0.9844315406718794,-2.046640873563645
-0.9982494780767712,-1.9493198812601813,-0.9889609609537144,-2.019441826196154,-1.0167044412604236,-2.003819065120535,-1.0470824834561119,-1.9656911411222733,-0.9759449146420044,-1.9762250560114594
-1.0781653239991984,-2.0446416365069893,-1.0406959404999927,-2.081413143761441,-1.100637565610692,-2.112794729823293,-0.97713136517846,-2.076394503750003,-1.0202923213394712,-2.0507829804784796
-0.9691891704686159,-1.9493198812601813,-1.034229068056708,-1.9563343678088374,-0.9424029869175631,-1.931168621985363,-1.032355932239764,-1.94244343497045,-0.9645412957769415,-1.9140934522889423
-1.0345748625869653,-1.9493198812601813,-0.9943500213231184,-2.0056704222927575,-1.0731185084466695,-2.0626909759369676,-1.0065844676111555,-2.039493382874093,-1.0454240377351376,-1.9679408421817903
-0.9510264782135188,-1.9493198812601813,-0.9113584916342968,-1.9127134459448274,-0.964418232648781,-1.9784540397155828,-1.0249926566315901,-1.9656911411222733,-0.9339493334179076,-1.8685302762257634
-1.041839939489004,-2.0446416365069893,-1.033151255982827,-2.0228846771720037,-0.953410609783172,-1.9584125381610524,-0.9439966249416775,-2.0247329345237293,-1.025953110560258,-2.038356659733976
-1.0091470934298294,-2.0446416365069893,-1.0568631216082045,-2.0504274849787976,-0.9781777612307923,-1.954654756619578,-1.028674294435677,-1.9656911411222733,-1.009918765569334,-2.017646125159804
-0.9292312475074022,-1.9493198812601813,-1.0309956318350655,-1.9781276144859632,-1.0373437341334404,-2.047033552847491,-0.9660864517661992,-2.039493382874093,-1.0149596938126435,-2.001077697500466
-0.9909844011747324,-2.0446416365069893,-0.9447706659246016,-2.0056704222927575,-0.9424029869175631,-1.955281053543157,-1.0029028298070686,-1.9767614773850464,-0.944313773585435,-1.89338291771477
-1.0273097856849265,-2.0446416365069893,-1.060096557829847,-2.0297703791237023,-0.953410609783172,-1.9800197820245304,-0.8777271444681126,-2.039493382874093,-1.0514038730472728,-2.0093619113301346
-0.9837193242726936,-2.0446416365069893,-0.9986612696186415,-1.9918990183893603,-0.9946891955292056,-1.989101087416427,-0.9697680895702862,-2.039493382874093,-1.0454240377351376,-1.9679408421817903
-1.0127796318808489,-2.0446416365069893,-1.0234509473178999,-2.04009893205125,-1.0167044412604236,-1.9953640566522175,-1.0176293810234163,-2.002592261998183,-1.0384597173411263,-2.038356659733976
-1.056370093293082,-2.0446416365069893,-1.0741081147902973,-2.0504274849787976,-1.0249601584096304,-2.047033552847491,-0.9071802469008081,-2.076394503750003,-1.0611757990451527,-2.046640873563645
-0.9582915551155576,-1.9493198812601813,-0.980338464362668,-1.9402562537516215,-1.0056968183948145,-2.0025664712733766,-1.028674294435677,-2.002592261998183,-0.9688073977984039,-1.992793483670797
-1.00551455497881,-1.9493198812601813,-1.0159062628007343,-2.0676417398580442,-0.9506587040667698,-1.9208347227463083,-1.028674294435677,-1.9656911411222733,-1.0181136923156904,-1.955514521437287
-0.9582915551155576,-1.9493198812601813,-1.0159062628007343,-1.982706606283843,-1.0373437341334404,-2.0138398158978,-1.0249926566315901,-2.0110795197996425,-1.0468825341527315,-1.9845092698411282
-1.0454724779400235,-2.0446416365069893,-0.9609378470328136,-1.998784720341059,-0.9836815726635967,-1.9847170089513735,-1.028674294435677,-1.9734403765062143,-0.955471271180029,-2.0259303389894727
-1.0454724779400235,-2.0446416365069893,-1.0730303027164165,-2.081413143761441,-0.9162598826117418,-1.972191070479792,-0.8261842152108954,-2.039493382874093,-1.0042215139381077,-1.9969355905856316
